date,return
2014-02-07,0.002562403515182581
2014-02-10,0.002557607662061911
2014-02-11,0.0027885740497301434
2014-02-12,0.0010763192822147985
2014-02-13,-0.00687149499864605
2014-02-14,0.006461122991309895
2014-02-18,0.01548300654712265
2014-02-19,0.002599375028299331
2014-02-20,-0.00570014218327977
2014-02-21,0.00226984525664004
2014-02-24,0.004771997954100479
2014-02-25,-0.00033870571982505624
2014-02-26,0.003733508139510542
2014-02-28,0.001755839781987218
2014-03-03,-0.0017291610665443788
2014-03-04,0.0022837468089006163
2014-03-05,0.0003322380600187997
2014-03-06,-0.00044261715717268586
2014-03-07,0.002011260655123886
2014-03-10,-0.0008922491621585447
2014-03-11,-0.0001478906390122883
2014-03-12,0.0006366354261387727
2014-03-13,-0.0001457889537930963
2014-03-14,0.0011599276261737234
2014-03-18,-0.0013513336518864163
2014-03-19,-0.0012537802510316821
2014-03-20,-0.0032028374264766804
2014-03-21,0.0007305087652830491
2014-03-24,-0.000540782388046009
2014-03-25,-0.001783391734230527
2014-03-26,2.2607213503114692e-05
2014-03-27,-0.0005369340069125048
2014-03-28,0.0011732121753956016
2014-03-31,0.005252129354991254
2014-04-01,-0.0017316136429981113
2014-04-02,-0.0022995466297978957
2014-04-03,0.0014449728626333177
2014-04-04,-0.00111561547388588
2014-04-07,0.00019809681100670391
2014-04-09,0.003436555816811642
2014-04-10,0.001164833326510022
2014-04-11,-0.0006778254621198174
2014-04-15,-4.186093501610069e-05
2014-04-16,-0.001593686290805775
2014-04-17,0.0032307490065026545
2014-04-21,0.00150493087322564
2014-04-22,0.0009109327201423695
2014-04-23,0.0010750745743351323
2014-04-25,-0.0008869651230396199
2014-04-28,-0.00041326527078667
2014-04-29,0.0018056852915361772
2014-04-30,-0.0009244367549084108
2014-05-02,-0.00012179236830553119
2014-05-05,0.000566233758623958
2014-05-06,0.0005517116387738615
2014-05-07,-0.0015944037072759417
2014-05-08,-0.0007579223804989896
2014-05-09,0.0023649948138440946
2014-05-12,0.00221399401566682
2014-05-13,0.0005743797853888616
2014-05-14,-0.00024514426881578423
2014-05-15,4.137022022949441e-05
2014-05-16,-0.0012348426364544682
2014-05-19,0.00024096573427154802
2014-05-20,-0.00022978345079053669
2014-05-21,-0.0010129570610888433
2014-05-22,-0.0037507751442704285
2014-05-23,0.0018061307652408158
2014-05-26,0.00019636631056792572
2014-05-27,-0.0016342102128719686
2014-05-28,-0.0006818463230635162
2014-05-29,-0.0038696474548675407
2014-05-30,0.0033273952000806464
2014-06-02,0.0026781384136166718
2014-06-03,0.0013580514865467615
2014-06-04,-0.0005354313399352356
2014-06-05,0.0014531024554778021
2014-06-06,0.0026985339138650977
2014-06-09,0.0012680418694437877
2014-06-10,0.0002619749243604569
2014-06-11,5.07869422414121e-05
2014-06-12,0.0005707001427432933
2014-06-13,-0.0011854574028234508
2014-06-16,0.002074748855443123
2014-06-17,0.0010938246138052976
2014-06-18,-0.0012584982710022053
2014-06-19,0.00010164096336666537
2014-06-20,0.0019626816594602472
2014-06-23,-0.0005252562797140312
2014-06-24,0.0026194991538687046
2014-06-25,-0.0009566177569804721
2014-06-26,-0.0016722611526983088
2014-06-27,9.807297152121498e-05
2014-06-30,0.006168766575107032
2014-07-01,0.0005960119175908755
2014-07-02,0.001598759343686381
2014-07-03,-0.0010259363172482941
2014-07-04,0.0008599496826809418
2014-07-07,9.586738560385106e-05
2014-07-08,-0.0038415431764619607
2014-07-09,-0.000558728087709301
2014-07-10,0.0025964464418815796
2014-07-11,-0.0029335961187887355
2014-07-14,-0.0008746382948702096
2014-07-15,0.0010744663033379843
2014-07-16,0.001532425509944805
2014-07-17,0.0006890565820068405
2014-07-18,0.0010558840936398086
2014-07-21,0.0004722872572274523
2014-07-22,0.00146978429426742
2014-07-23,0.00032512830113802955
2014-07-24,0.00024723410642036995
2014-07-25,-0.0016584371972552018
2014-07-28,0.0002367250473181982
2014-07-30,0.0005859894347070079
2014-07-31,0.002110094095932376
2014-08-01,-0.0022791789717805586
2014-08-04,0.002386900816763397
2014-08-05,0.0012528438073190324
2014-08-06,-0.0010932277445481644
2014-08-07,0.00040939055880202314
2014-08-08,-0.0004912488175158125
2014-08-11,5.159129476542141e-05
2014-08-12,0.002953780763793694
2014-08-13,-2.6586627587078327e-06
2014-08-14,0.0012823779165582682
2014-08-18,0.0007150119657245574
2014-08-19,5.657758757290145e-05
2014-08-20,-0.0003463394858158553
2014-08-21,-0.0008730038809647337
2014-08-22,0.0007124898747746973
2014-08-25,-0.0011271694326974175
2014-08-26,0.000706231872297735
2014-08-27,0.0002891057401814036
2014-08-28,0.004383047576852678
2014-09-01,0.0016463184234382319
2014-09-02,0.0005384757507082357
2014-09-03,0.0002222400438152539
2014-09-04,-0.0009237438523637639
2014-09-05,-0.0005579849724782467
2014-09-08,0.0014451544895599528
2014-09-09,-0.0008677519064067764
2014-09-10,-0.0005451481125627421
2014-09-11,-0.0008620689514759165
2014-09-12,-7.230049460035999e-05
2014-09-15,-0.0014869104048676517
2014-09-16,-0.0023092790120795145
2014-09-17,0.0001983203662890594
2014-09-18,0.003147361117334027
2014-09-19,-0.0001514029938121945
2014-09-22,3.3152240930452723e-06
2014-09-23,-0.002320224254164039
2014-09-24,0.00017615838222089463
2014-09-25,-0.002638379998094454
2014-09-26,0.0012820930557899618
2014-09-29,-2.1168497721922147e-05
2014-09-30,0.0028423708139437014
2014-10-01,-0.00044079181817481924
2014-10-07,-0.0026176287120448587
2014-10-08,0.0012322964928631426
2014-10-09,0.002784498183632791
2014-10-10,-0.002456037096648394
2014-10-13,0.0009231713075788088
2014-10-14,-0.0002456895390400085
2014-10-16,-0.0006161747543566264
2014-10-17,-0.0005665865980004369
2014-10-20,0.002072039750157939
2014-10-21,0.003673066946609193
2014-10-22,-0.00013505053797485266
2014-10-27,-0.0017797912419666728
2014-10-28,0.0007740816974538087
2014-10-29,0.0012144752591102712
2014-10-30,0.0006253184398099794
2014-10-31,0.004726036696033509
2014-11-03,0.00016714002606936076
2014-11-05,-0.0008565611742747338
2014-11-07,-0.0008518197504293713
2014-11-10,0.0012701095608536298
2014-11-11,-0.0011153782485733886
2014-11-12,0.001004779444387172
2014-11-13,-0.00048063794434353345
2014-11-14,0.0004880516473098124
2014-11-17,0.0028947554789451385
2014-11-18,0.0004156907587508945
2014-11-19,-0.0004965332238895826
2014-11-20,-0.0001543198646526934
2014-11-21,0.001278921894273
2014-11-24,0.0013082617402412377
2014-11-25,-0.0006618770305836685
2014-11-26,0.0010441061624160198
2014-11-27,-0.0006460116825673911
2014-11-28,0.004908922214209432
2014-12-01,-0.003215237234701345
2014-12-02,0.0008107700293953005
2014-12-03,0.0013392571010635138
2014-12-04,0.0003219162181649951
2014-12-05,-0.0010427563315499287
2014-12-08,-0.0019288345526196264
2014-12-09,-0.0017031835678805456
2014-12-10,0.002753669884182307
2014-12-11,-0.002247053724134925
2014-12-12,-0.0005594584319149486
2014-12-15,-0.00033985566742079915
2014-12-16,-0.0035424285124843824
2014-12-17,-0.0008726221407635233
2014-12-18,0.0024011074144646366
2014-12-19,0.0012377362830871582
2014-12-22,0.0028540054338404806
2014-12-23,-0.002639186553589313
2014-12-24,-0.0023712212053766035
2014-12-26,0.0016546433882724406
2014-12-29,0.001456207287075698
2014-12-30,-0.0005218132600112106
2014-12-31,0.004263160611817626
2015-01-02,0.0017875807377851713
2015-01-05,0.00037531509369493336
2015-01-06,-0.0017137354328963415
2015-01-07,-0.00011137050912775153
2015-01-08,-0.00016986756238466117
2015-01-09,-9.64404874103941e-05
2015-01-12,0.002164221963839352
2015-01-13,0.0010853393535875462
2015-01-14,-0.0013095279298618245
2015-01-15,0.0028763653206471764
2015-01-16,0.004006103510361814
2015-01-19,0.002059929753329069
2015-01-20,0.003950663920570003
2015-01-21,0.0012917528504884572
2015-01-22,-0.0009730548556115393
2015-01-23,0.0015192302901594619
2015-01-27,-0.0002613502849442041
2015-01-28,0.0008461921814755819
2015-01-29,-0.0005663407745256762
2015-01-30,0.002846907603075823
2015-02-02,-0.000769593465628682
2015-02-03,-0.0007802531938926574
2015-02-04,-0.002272486034209554
2015-02-05,0.00046206430010404956
2015-02-06,-0.0007245130632135235
2015-02-09,-0.00490051677639235
2015-02-10,0.0006181898043314135
2015-02-11,0.00100660377745186
2015-02-12,-0.0001412262592681954
2015-02-13,0.0021655258701437446
2015-02-16,0.00021235717085863577
2015-02-18,0.00046874383491189687
2015-02-19,0.00032910367723816314
2015-02-20,-0.0014779187080690651
2015-02-23,-0.00231940746148055
2015-02-24,-0.0007034639794832195
2015-02-25,0.0004000711546960326
2015-02-26,-0.0020614393081742496
2015-02-27,0.006463778748050056
2015-03-02,0.0035984215186515285
2015-03-03,0.00022117904451292606
2015-03-04,-0.001736324105159337
2015-03-05,0.000901964403198813
2015-03-09,-0.00427480334979551
2015-03-10,-0.002119117811406423
2015-03-11,-0.001022388796732126
2015-03-12,0.0007292275760038584
2015-03-13,-0.002240308888361846
2015-03-16,-0.0001517292207816661
2015-03-17,0.0004921761672753896
2015-03-18,-0.00102197135881444
2015-03-19,-0.0004508355433707199
2015-03-20,-0.0007499018457486883
2015-03-23,0.0003365678552744373
2015-03-24,0.000939088537166195
2015-03-25,-0.00034299972635604673
2015-03-26,0.0009270859612562185
2015-03-27,-0.002494408196704502
2015-03-30,0.0017187429041362833
2015-03-31,0.0021738865376103094
2015-04-01,0.0024797312402876385
2015-04-06,0.004674624302187631
2015-04-07,-0.0006847991033707104
2015-04-08,0.00092937184838288
2015-04-09,-0.0015160007895104219
2015-04-10,0.0009565476723866361
2015-04-13,0.000945223304979618
2015-04-16,-0.0015345519391506458
2015-04-17,-0.0012581306045108584
2015-04-20,-0.0011069883170186886
2015-04-21,0.000642957639037593
2015-04-22,-0.0009774505018434845
2015-04-23,-0.0015853244327787655
2015-04-24,-0.0003311871676587104
2015-04-27,-0.0024125942305749755
2015-04-28,0.002392022454321294
2015-04-29,0.0029560034292843928
2015-04-30,-0.00016846866013319752
2015-05-04,0.00018076637431634155
2015-05-05,-0.0004394282126802272
2015-05-06,-0.0026458807548606095
2015-05-07,-5.79404208548716e-05
2015-05-08,0.0018430253303007085
2015-05-11,0.0017125904871608435
2015-05-12,-0.0021347792811964063
2015-05-13,0.0025763173398730206
2015-05-14,0.002179865295191434
2015-05-15,-0.00016428566548342479
2015-05-18,0.0034073530902531462
2015-05-19,-0.001442299751898972
2015-05-20,-0.00028005968253319493
2015-05-21,0.00011956902829130087
2015-05-22,-0.0005996511277721095
2015-05-25,-0.0015750590628974522
2015-05-26,-0.0009037459681983562
2015-05-27,-0.0005638181333232177
2015-05-28,-0.0005274501069045207
2015-05-29,0.004411792777732287
2015-06-01,-0.0006339905717213023
2015-06-02,-0.0015209340730041143
2015-06-03,-0.0016159911101035318
2015-06-04,-0.00046603996057995777
2015-06-05,-0.0015528526646602693
2015-06-08,-0.0006549157447357777
2015-06-09,-0.00034159055494013986
2015-06-10,0.0017302403658635164
2015-06-11,-0.0039538282414511685
2015-06-12,0.0014984453945772781
2015-06-15,0.00016558765840333058
2015-06-16,0.0009902688636328162
2015-06-17,0.0002757727984258737
2015-06-18,0.002365443589192706
2015-06-19,0.0004541612572412961
2015-06-22,0.0007278856843440185
2015-06-23,-0.001163697533722492
2015-06-24,-0.0010970145002994242
2015-06-25,0.0012240268101249446
2015-06-26,-0.0004557828731463348
2015-06-29,-2.6748240584476544e-05
2015-06-30,0.0025200881167909057
2015-07-01,0.0009318810252243821
2015-07-02,-0.001300778734402042
2015-07-03,-0.0001006397357236591
2015-07-06,0.0002205698784419529
2015-07-07,0.0004895884669955915
2015-07-08,-0.002064953235208223
2015-07-09,0.0007103581453297338
2015-07-10,-0.0006984943664256377
2015-07-13,0.00010672301839257802
2015-07-14,-0.00046935881288274523
2015-07-15,0.0009952707089278022
2015-07-16,-0.00023875512872185826
2015-07-17,-0.00016310921313063934
2015-07-20,-0.0023139981093301073
2015-07-21,-0.0004793528027537803
2015-07-22,-0.0030337368015656485
2015-07-23,0.00010270029973939298
2015-07-24,-0.0013951703669706696
2015-07-27,-0.0015181445044338722
2015-07-28,-0.0005794703880122553
2015-07-29,-0.00031284862478620835
2015-07-30,2.8445946027074592e-06
2015-07-31,0.00397271703951905
2015-08-03,0.000503625922493817
2015-08-04,-0.0007861003245486925
2015-08-05,-0.0008206335113924127
2015-08-06,3.1319284801027816e-05
2015-08-07,0.0007636261598725801
2015-08-10,0.0002690375581844385
2015-08-11,0.002900868578381193
2015-08-12,0.0011612233524383318
2015-08-13,0.0007828006444450962
2015-08-14,0.0017903910390037042
2015-08-17,0.00061768202401802
2015-08-18,0.0007703537491982985
2015-08-19,0.0003522382769559478
2015-08-20,0.0010980377412310642
2015-08-21,0.001866532549413085
2015-08-24,-0.0036616870638961204
2015-08-25,-0.0014007993607130305
2015-08-26,-0.0033700147882185045
2015-08-27,0.00033002408070517946
2015-08-28,0.0021086035592261026
2015-08-31,0.0038699069420704644
2015-09-01,-0.0010614471809638787
2015-09-02,-0.0023008174413326177
2015-09-03,-0.00031965279345824715
2015-09-04,-0.0021692706976512454
2015-09-07,-0.0007815364729345966
2015-09-08,0.0014969691568609313
2015-09-09,0.0005885344898439217
2015-09-10,-0.0022054866241640048
2015-09-11,0.0003802630282869044
2015-09-14,0.0005115797744717372
2015-09-15,-0.0006574388019588134
2015-09-16,0.001083628132429441
2015-09-18,0.00398369641284689
2015-09-21,-0.0011766568902930004
2015-09-22,-0.0022101786436683536
2015-09-23,-0.0005007296290903095
2015-09-24,0.0024995509242231335
2015-09-28,-0.0011105478450856236
2015-09-29,-0.0009488258285844458
2015-09-30,0.003813317999501945
2015-10-01,-0.001754188554236012
2015-10-05,0.003951231424392624
2015-10-06,0.0009425160908790298
2015-10-07,0.0010769745549719628
2015-10-08,-0.0012007896592100505
2015-10-09,0.002067099078126248
2015-10-12,0.0019114830870914892
2015-10-13,-0.001835091523085332
2015-10-14,0.0020420688826561562
2015-10-15,0.002285554569605157
2015-10-16,-0.0003767589734640761
2015-10-19,-0.00039950238985762734
2015-10-20,0.0006052513529822355
2015-10-21,0.0006687667375167212
2015-10-23,-0.0007793046508951576
2015-10-26,-0.0012509638580872253
2015-10-27,0.000810128556500424
2015-10-28,0.00012843709212684664
2015-10-29,-0.0014186076760442567
2015-10-30,0.001745236416337553
2015-11-02,-0.0027295228575538637
2015-11-03,-0.001205224297976468
2015-11-04,-0.001679548549488851
2015-11-05,-0.0009853648975774012
2015-11-06,-0.0014484857790813238
2015-11-09,0.0008038527067599662
2015-11-10,-0.003911439141067513
2015-11-13,-0.00280322846452367
2015-11-16,0.0013451148652836855
2015-11-17,-0.00139051369252631
2015-11-18,-0.0019315963084556576
2015-11-19,0.001411181917803795
2015-11-20,0.002191411142039845
2015-11-23,-0.001661019816818943
2015-11-24,0.0006349978142538541
2015-11-26,-0.0001458621968426693
2015-11-27,0.0005330183463270148
2015-11-30,0.0009556445563404239
2015-12-01,0.0018966969308352767
2015-12-02,-0.0009401394910658154
2015-12-03,-0.002314441896389635
2015-12-04,0.00024557653414041686
2015-12-07,0.0031231507947034665
2015-12-08,-0.0025328986099159216
2015-12-09,0.0003845267783510239
2015-12-10,-0.0004898270008330978
2015-12-11,-0.0017668801637374485
2015-12-14,0.0008633282712721833
2015-12-15,-0.0004553760445288102
2015-12-16,0.0004841203880113927
2015-12-17,0.0007814376111102588
2015-12-18,-0.002767743750409535
2015-12-21,0.0027603701965601244
2015-12-22,0.0008620990843568208
2015-12-23,-0.0005439893534209381
2015-12-24,-0.00012801884562855137
2015-12-28,0.0006560917936756163
2015-12-29,0.0005790962383110323
2015-12-30,-0.0008094871423126917
2015-12-31,0.0017970583530810226
2016-01-04,0.0007312990184689346
2016-01-05,0.0013124618853444753
2016-01-06,0.0007730113496756142
2016-01-07,0.0006476717761009987
2016-01-08,-8.793653738915796e-05
2016-01-11,0.00013183459739678986
2016-01-12,-0.0011047822917286604
2016-01-13,-0.0020362250011494265
2016-01-14,0.0027629044039827514
2016-01-15,-0.0010260345918398433
2016-01-18,6.323902812155335e-05
2016-01-19,0.00041828970540630885
2016-01-20,-0.0001709957191647314
2016-01-21,-0.00010865367880852155
2016-01-22,0.0009736443778320305
2016-01-25,0.001345258169424252
2016-01-27,0.0023124673588787448
2016-01-28,3.482626939451254e-05
2016-01-29,0.004020779015209531
2016-02-01,0.0007044913398224255
2016-02-02,-5.146140015890215e-05
2016-02-03,-0.0008895442851759802
2016-02-04,0.0021177346753971614
2016-02-05,0.0022125500017654972
2016-02-08,0.0014844222481260505
2016-02-09,0.002459206946696957
2016-02-10,-0.0031991601191766897
2016-02-11,0.0010789374240205694
2016-02-12,0.002707671249073617
2016-02-15,-0.0006145846919898127
2016-02-16,-0.00043752062645613854
2016-02-17,-0.0004700460799878936
2016-02-18,0.001060360760868658
2016-02-19,0.0024764864912512475
2016-02-22,-0.0015257203653880592
2016-02-23,0.0004414393456516439
2016-02-24,-0.0006624952259019046
2016-02-25,0.0005061213850138591
2016-02-26,0.0005315895648892971
2016-02-29,0.0028257607691788296
2016-03-01,0.003556739009621077
2016-03-02,-0.0010180876384186847
2016-03-03,0.0026571898599299683
2016-03-04,0.003224782050481438
2016-03-08,0.0006068158795452629
2016-03-09,-0.0014335289843462203
2016-03-10,-0.0018921598317496002
2016-03-11,0.003067941256892144
2016-03-14,-0.00018402517463733388
2016-03-15,-0.004539798061034297
2016-03-16,1.2074935787266517e-05
2016-03-17,0.0031530497238171466
2016-03-18,-0.0004979369182948905
2016-03-21,0.00048189253114965403
2016-03-22,0.00017924468838253758
2016-03-23,-0.0021485642545634688
2016-03-28,-0.0044274070481628595
2016-03-29,0.00041430552057728084
2016-03-30,0.004002465775781765
2016-03-31,0.0022431602789675198
2016-04-01,0.000713718031434687
2016-04-04,-0.001578029364936753
2016-04-05,0.0008422389497599438
2016-04-06,0.00017514030546985848
2016-04-07,0.0007780593751602494
2016-04-08,0.0008539232115733162
2016-04-11,0.0019361695656590274
2016-04-12,0.002450132908351471
2016-04-13,0.0006681085570712474
2016-04-18,0.001967754288467362
2016-04-20,0.0004811792111706096
2016-04-21,0.001933881602720886
2016-04-22,-0.0011877503259585833
2016-04-25,-0.0024318161034725594
2016-04-26,0.0016730176576809802
2016-04-27,0.0013781764801647257
2016-04-28,-0.00010357506139345159
2016-04-29,0.004374074282199163
2016-05-02,0.001447279677223262
2016-05-03,-0.0008345203677847713
2016-05-04,-0.0024726266012144145
2016-05-05,-9.021609421735354e-05
2016-05-06,0.0010310448839826545
2016-05-09,0.0018799759642965093
2016-05-10,-0.00035086233867440624
2016-05-11,-0.0006026029887676167
2016-05-12,-0.0002731094026954727
2016-05-13,-2.5990018332280396e-05
2016-05-16,0.001547780253800634
2016-05-17,0.0001179903113692082
2016-05-18,-3.677973493084168e-05
2016-05-19,-0.0014481305176354286
2016-05-20,-0.0009108041202725613
2016-05-23,-0.0005304937370799096
2016-05-24,-0.0008769328516786351
2016-05-25,0.0006080737511087826
2016-05-26,0.0030343557842106065
2016-05-27,0.0008571991235329372
2016-05-30,-0.0024067182470311876
2016-05-31,0.0025008912354298465
2016-06-01,0.000597506428005761
2016-06-02,-0.0009389446607827816
2016-06-03,-9.777840017937304e-05
2016-06-06,0.002885645522146288
2016-06-07,-0.0005245854407641828
2016-06-08,3.388875762512763e-06
2016-06-09,-4.628691414429323e-05
2016-06-10,0.0005982085605523418
2016-06-13,0.001072745433387851
2016-06-14,-1.783502022088762e-05
2016-06-15,0.000988475477522781
2016-06-16,0.0022603500239785843
2016-06-17,-0.0018090126033703084
2016-06-20,0.0007274771680889651
2016-06-21,-6.661677674056705e-05
2016-06-22,-0.0018089887239645917
2016-06-23,0.00016870980381494328
2016-06-24,0.004099618395431635
2016-06-27,0.0019826027689127932
2016-06-28,0.0008890515388433255
2016-06-29,-0.000490317639940616
2016-06-30,0.00326689323409895
2016-07-01,0.0022009181287399636
2016-07-04,0.0015157545807899025
2016-07-05,-0.0010220068306451989
2016-07-07,0.00196006446727215
2016-07-08,-0.00039470618455046355
2016-07-11,0.0024345968394868236
2016-07-12,-0.0008071403246750466
2016-07-13,-0.000798041533181079
2016-07-14,0.00015141666712574167
2016-07-15,-0.0004677993706883122
2016-07-18,-0.0012841904310578382
2016-07-19,0.0006901651821352491
2016-07-20,0.00015470290850825067
2016-07-21,-0.0008513619517646635
2016-07-22,0.0005748727139524123
2016-07-25,0.0007457109955970602
2016-07-26,0.00034906862739055944
2016-07-27,-0.00015689682421702754
2016-07-28,0.0019569711308841456
2016-07-29,0.0015698797289350021
2016-08-01,0.0032425924124015616
2016-08-02,0.0020103946555301497
2016-08-03,-0.0005491075290569994
2016-08-04,-0.0005340726710443549
2016-08-05,0.0038992927266172763
2016-08-08,-0.004372700261927866
2016-08-09,0.0007562404378996348
2016-08-10,0.00027465110224531865
2016-08-11,-0.0005808560650171686
2016-08-16,-0.0002674995392299063
2016-08-17,-0.0005247202835006011
2016-08-18,0.0017312747705788651
2016-08-19,2.3133240377450607e-05
2016-08-22,-0.0012144792703661146
2016-08-23,-0.00037999740694118564
2016-08-24,0.0004658949594077054
2016-08-25,-0.0020791294551271355
2016-08-26,0.0003734936853806441
2016-08-29,-0.0011826371859556014
2016-08-30,0.001681548314726654
2016-08-31,0.002812956271493148
2016-09-01,-0.0021070951043977155
2016-09-02,0.0008332590666707224
2016-09-06,0.002810316667565417
2016-09-07,0.0015456393823298968
2016-09-08,0.00041014254834872613
2016-09-09,-0.0022626012973558734
2016-09-12,-0.0002750344755955026
2016-09-14,-0.0006528878710298495
2016-09-15,-0.0006084162956693572
2016-09-16,0.0001688439718551446
2016-09-19,0.001362683717819458
2016-09-20,-0.0001265962114577449
2016-09-21,0.00037332768613576996
2016-09-22,0.0013805611319038316
2016-09-23,-0.00032268414456897355
2016-09-26,-0.001295145958352957
2016-09-27,-0.0007538313326472133
2016-09-28,-0.0010328671462707748
2016-09-29,0.0006081597531533826
2016-09-30,0.0009684374766623389
2016-10-03,0.0012005446838644165
2016-10-04,0.00024196604947726886
2016-10-05,-0.0020096251544045223
2016-10-06,-0.0016505611663205659
2016-10-07,-0.0008298678121817678
2016-10-10,0.0024553484316470506
2016-10-13,-0.00441093983298628
2016-10-14,-0.0003574616537769666
2016-10-17,-0.000954481692582547
2016-10-18,0.0026486612526824076
2016-10-19,-0.000911302327195024
2016-10-20,0.0008604983373232565
2016-10-21,-0.0004613838026525348
2016-10-24,-0.0004363998839304078
2016-10-25,-0.0007985336184020395
2016-10-26,-0.0009194960308204904
2016-10-27,-0.00025177959393341237
2016-10-28,0.0035048901880906863
2016-11-01,0.00016995448522779514
2016-11-02,0.00029869181086847676
2016-11-03,-0.0004742654524037446
2016-11-04,-0.00026439964105654055
2016-11-07,0.00025297514103504693
2016-11-08,0.0011568044082499597
2016-11-09,0.0013820898644428597
2016-11-10,0.00043847924899361563
2016-11-11,-0.00652231440163872
2016-11-15,-0.00398664489529933
2016-11-16,-0.00015112863806635197
2016-11-17,-0.0024199754914122056
2016-11-18,-0.003400336271751349
2016-11-21,-0.0018413331905477695
2016-11-22,0.0019441976459376605
2016-11-23,0.0007253746908700633
2016-11-24,-0.0016914825140537286
2016-11-25,0.0008191099635602391
2016-11-28,0.0015142574790353287
2016-11-29,0.0001659619887316969
2016-11-30,0.003211028414457407
2016-12-01,-0.0022917698551877318
2016-12-02,-0.0031828580549262027
2016-12-05,9.326275877675333e-05
2016-12-06,0.0007563782509562984
2016-12-07,-0.001290798444818751
2016-12-08,0.003062247954666332
2016-12-09,-0.0007864279982206944
2016-12-12,-0.002017259380101095
2016-12-13,0.0003881870898060822
2016-12-14,-0.0010120120338176252
2016-12-15,-0.001930870909475522
2016-12-16,-0.002024883470524492
2016-12-19,-0.0001185682273424297
2016-12-20,-0.0007685430128011905
2016-12-21,-0.0004282569570901822
2016-12-22,-0.002293406914089315
2016-12-23,1.2292651163910224e-05
2016-12-26,-0.00039367317849656636
2016-12-27,0.0037869424825075415
2016-12-28,0.0014753996322285187
2016-12-29,0.0011183461714854275
2016-12-30,0.004805543353417392
2017-01-02,-0.0005131648147764171
2017-01-03,-0.0005692018915272233
2017-01-04,0.002368144665540806
2017-01-05,0.0023382706218052535
2017-01-06,-0.00048716104127291093
2017-01-09,0.00026042985126788264
2017-01-10,0.0015139024354196358
2017-01-11,0.0026919181986264085
2017-01-12,0.0015405945559608756
2017-01-13,-0.0005020597165457404
2017-01-16,0.0010755763164609093
2017-01-17,0.0010540431593656881
2017-01-18,0.0006594599918416861
2017-01-19,-0.0008984780892747802
2017-01-20,-0.001217736659057932
2017-01-23,0.0005362618178845618
2017-01-24,0.0013438693972787953
2017-01-25,0.001146449854382271
2017-01-27,-0.0013066966794663948
2017-01-30,-0.0010382529538275978
2017-01-31,0.0027906239304454263
2017-02-01,0.003231953727787241
2017-02-02,0.0009796963208456248
2017-02-03,-0.0005242182751170818
2017-02-06,0.0015085124807882435
2017-02-07,0.0016395726282854624
2017-02-08,0.0003859513436446218
2017-02-09,-0.0005021173080366877
2017-02-10,-0.0016483164704877988
2017-02-13,-0.0002867629978168728
2017-02-14,0.0005924019450978076
2017-02-15,-0.0016513821990643861
2017-02-16,0.002060383964008141
2017-02-17,0.0017954723941447945
2017-02-20,0.0003230026284164358
2017-02-21,-0.0006982791987104847
2017-02-22,0.0020664793070041807
2017-02-23,0.00013335083354888263
2017-02-27,0.0006525097846856853
2017-02-28,0.001420908691933652
2017-03-01,0.0004600064365772612
2017-03-02,-0.0010931618409076476
2017-03-03,-0.0015594657462401622
2017-03-06,0.0017313484060092876
2017-03-07,-0.0013364562068734443
2017-03-08,-0.0020047789660312216
2017-03-09,-0.0002581918112459219
2017-03-10,-0.0007146829500213
2017-03-14,0.001327369584773928
2017-03-15,-0.0021302061876255
2017-03-16,0.0031741711126341806
2017-03-17,0.00026523961267464345
2017-03-20,-0.00011247701391120833
2017-03-21,9.548983329373125e-07
2017-03-22,0.00045898225644154327
2017-03-23,0.0010613627352694971
2017-03-24,2.125868803084266e-05
2017-03-27,-0.00036074656876981966
2017-03-28,0.00023673364326568598
2017-03-29,0.0003621722719292628
2017-03-30,0.0003301840929091445
2017-03-31,0.0013130548644268215
2017-04-03,0.0006528405865870997
2017-04-05,0.002224002664140223
2017-04-06,8.07275486891202e-05
2017-04-07,-0.00016105826300824284
2017-04-10,-0.002135964151467595
2017-04-11,0.0011315540424981572
2017-04-12,0.001638717542618239
2017-04-13,0.00033485464083732016
2017-04-17,-5.382355187069654e-06
2017-04-18,-0.0005660078898413881
2017-04-19,-0.0007274661884755897
2017-04-20,0.0005064654508414427
2017-04-21,0.0002753419471450573
2017-04-24,0.00010599545846929118
2017-04-25,0.0009472164003910705
2017-04-26,-0.0003036292072026911
2017-04-27,-0.0001735797663109707
2017-04-28,0.0019519540660499052
2017-05-02,-0.0013048138900126943
2017-05-03,-0.00044824934304533927
2017-05-04,-0.0012384653276206626
2017-05-05,-0.0003119353579271089
2017-05-08,-0.0008843072465607185
2017-05-09,-4.851220399243621e-05
2017-05-10,0.0011116783607916022
2017-05-11,-0.0007826023770532337
2017-05-12,-7.205346862319568e-05
2017-05-15,0.0008327519154405583
2017-05-16,0.0011618513191999503
2017-05-17,0.0013541527276610343
2017-05-18,0.0020056963867965123
2017-05-19,-0.0006404192516631303
2017-05-22,-0.00010258926790499316
2017-05-23,0.0005117663363186032
2017-05-24,-0.001288318369059752
2017-05-25,0.0013753226230665723
2017-05-26,0.0024246497027203386
2017-05-29,6.663711913156722e-05
2017-05-30,0.0002533733005323633
2017-05-31,0.0016913684613382128
2017-06-01,0.0006089048899146119
2017-06-02,-0.00017778462551917438
2017-06-05,0.002545741221225704
2017-06-06,0.0003192152921331322
2017-06-07,0.00011181735196939444
2017-06-08,-0.0006663212142110344
2017-06-09,-0.0009672125022403418
2017-06-12,-0.0010057200180968188
2017-06-13,-0.0006789331674026139
2017-06-14,7.56507082736281e-05
2017-06-15,-0.0008423316450758482
2017-06-16,-0.00024052367563917167
2017-06-19,0.0004028497132362443
2017-06-20,-0.00027164203260316745
2017-06-21,0.00027101036638053455
2017-06-22,8.132812183595789e-05
2017-06-23,-0.0008496044552030255
2017-06-27,-0.001342126521741379
2017-06-28,-0.0007815165151027218
2017-06-29,-0.0005914540724499321
2017-06-30,0.002194306934915703
2017-07-03,0.0028621672189035234
2017-07-04,-0.0005597638870289664
2017-07-05,0.000797539088940962
2017-07-06,0.0014098252817972797
2017-07-07,-0.0004843530511369533
2017-07-10,0.003029897485643196
2017-07-11,0.0006310921310543246
2017-07-12,0.001134839791432514
2017-07-13,0.0026027839837975348
2017-07-14,-0.0002679833977267631
2017-07-17,0.0014056872310894862
2017-07-18,-0.002821052598008937
2017-07-19,0.00256517021665916
2017-07-20,-0.0009506548799546035
2017-07-21,0.0017095918522645865
2017-07-24,0.0020740463353018986
2017-07-25,-0.0002782085066997629
2017-07-26,0.001649571093303203
2017-07-27,0.0004285619227641023
2017-07-28,-0.0004456974362553705
2017-07-31,0.004246074536970732
2017-08-01,0.0011349487563350933
2017-08-02,-0.0011927583066946715
2017-08-03,-0.0023790945189587458
2017-08-04,0.002307745285870499
2017-08-07,-0.0008261336281543538
2017-08-08,-0.002547485598168064
2017-08-09,-0.0019776062857043528
2017-08-10,-0.002563715285510388
2017-08-11,-0.0031994900456779776
2017-08-14,0.0024897208751931254
2017-08-16,0.0030041275611721384
2017-08-17,0.0009796165535318501
2017-08-18,-0.0020739828278116207
2017-08-21,-0.0032634535517874243
2017-08-22,0.0002865015893976746
2017-08-23,0.0030224024882905477
2017-08-24,0.00019098356106448774
2017-08-28,0.002465351757566539
2017-08-29,-0.0028528698747919256
2017-08-30,0.0026172521846513533
2017-08-31,0.0028862885526244717
2017-09-01,0.0024814948481208183
2017-09-04,-0.0014418014187765258
2017-09-05,0.0011618351466640572
2017-09-06,-0.0007424249271955681
2017-09-07,0.00024343741603625153
2017-09-08,0.00045100931229576666
2017-09-11,0.0019489376421854775
2017-09-12,0.002624842770930947
2017-09-13,-0.0002063611885008348
2017-09-14,-9.15215464388296e-05
2017-09-15,0.00012409097411193495
2017-09-18,0.0017936771274804355
2017-09-19,-0.00022189671630512426
2017-09-20,9.489232201669164e-06
2017-09-21,-0.0009143048158770663
2017-09-22,-0.0027289214228185337
2017-09-25,-0.0013219636503598933
2017-09-26,0.0014940833047824046
2017-09-27,-0.003208079637403807
2017-09-28,-0.0002008467655381323
2017-09-29,0.0021272977592571908
2017-10-03,0.0017662439822057987
2017-10-04,0.0015588857201694953
2017-10-05,-0.0009569355009333761
2017-10-06,0.002592255670506415
2017-10-09,0.0010877670378551577
2017-10-10,0.0010529461130817284
2017-10-11,-0.0007534472370425148
2017-10-12,0.003688363675113727
2017-10-13,0.0021760533583344063
2017-10-16,0.001697050191550344
2017-10-17,-0.00018052151596585576
2017-10-18,-0.001222932920399445
2017-10-19,-0.0006015230956655332
2017-10-23,-0.0002921748954251861
2017-10-24,0.0005669920471102156
2017-10-25,0.002471780186828196
2017-10-26,0.0013191425846052899
2017-10-27,-0.0010482565785036005
2017-10-30,0.0012061162183017102
2017-10-31,0.001448531120094454
2017-11-01,0.002984738289332759
2017-11-02,-0.0006446296976904504
2017-11-03,0.000810806317323903
2017-11-06,-0.00036435278540251063
2017-11-07,-0.002261309042939727
2017-11-08,-0.0013093128096115284
2017-11-09,0.0002348974949653832
2017-11-10,0.0006390044844626493
2017-11-13,-0.0029065413561410163
2017-11-14,-0.0013526022177633055
2017-11-15,-0.0016309238703771515
2017-11-16,0.0024371777073942274
2017-11-17,0.0021919209455984554
2017-11-20,0.0010462567677829407
2017-11-21,0.00017950477190131027
2017-11-22,0.0004933922513282663
2017-11-23,0.00030112915523424107
2017-11-24,0.001299198819006886
2017-11-27,0.00017304044798407834
2017-11-28,-0.0008916019916889684
2017-11-29,-0.00020623347390941432
2017-11-30,-0.0025550852633736618
2017-12-01,-0.0032606062524566663
2017-12-04,-0.00019374485535895368
2017-12-05,-0.00011886312795908653
2017-12-06,-0.002559352499959761
2017-12-07,0.003221333195843386
2017-12-08,0.002205863409960437
2017-12-11,0.0017117036506662903
2017-12-12,-0.002434214132603638
2017-12-13,-0.0016993050023777743
2017-12-14,0.002378308982077075
2017-12-15,0.0021049975145485365
2017-12-18,0.001595350573405468
2017-12-19,0.0024339509241454835
2017-12-20,-0.0004967992505130228
2017-12-21,-7.101317583576489e-05
2017-12-22,0.0007445341987530654
2017-12-26,0.001769644012770529
2017-12-27,0.00039576859864110957
2017-12-28,0.0010316004344470236
2017-12-29,0.0024344346264971372
2018-01-02,-0.00010617173351655171
2018-01-03,-0.0002740632247521233
2018-01-04,0.0017599164726077026
2018-01-05,0.00206649556057087
2018-01-08,0.002353248740056011
2018-01-09,0.0008193182819647886
2018-01-10,-0.00026453486212279077
2018-01-11,0.0011605500657976774
2018-01-12,0.0018765936628793232
2018-01-15,0.002891972569139984
2018-01-16,-0.0008348375320002998
2018-01-17,0.0027482438500993473
2018-01-18,-1.555861625217878e-05
2018-01-19,0.003186808402192689
2018-01-22,0.0021079903902478914
2018-01-23,0.004325839013912307
2018-01-24,0.0007894110047182
2018-01-25,0.0005067168233144598
2018-01-29,0.0009953850876277253
2018-01-30,-0.002579916329335506
2018-01-31,0.0006084613555556731
2018-02-01,-7.312389419191439e-05
2018-02-02,-0.0024934655800236518
2018-02-05,-0.002234656686287789
2018-02-06,-0.0012668783093885635
2018-02-07,-0.0017948585202114812
2018-02-08,-0.0004165042171746713
2018-02-09,-0.0007653585768454557
2018-02-12,0.0015155799251867883
2018-02-14,0.00021336448668307282
2018-02-15,0.002562732943410309
2018-02-16,-0.00037755481431747944
2018-02-19,-0.0013948803607995743
2018-02-20,-0.0006263673968803717
2018-02-21,-0.0005317318467398175
2018-02-22,-0.0003308506957311939
2018-02-23,0.0016387479179209908
2018-02-26,0.002098311567470614
2018-02-27,-0.0005396764170796748
2018-02-28,0.0004698584812916788
2018-03-01,-0.0011433182750524345
2018-03-05,-0.0001622384259449606
2018-03-06,-0.002108886012102693
2018-03-07,-0.0005555439685679639
2018-03-08,0.0007719655863006129
2018-03-09,-0.0007851282592149181
2018-03-12,0.002479987101404255
2018-03-13,-0.00019494840259573802
2018-03-14,0.00037324253372426295
2018-03-15,-0.0010194998587958934
2018-03-16,-0.0025429791617588107
2018-03-19,-0.002169354637216267
2018-03-20,0.0011339315603389598
2018-03-21,0.0005350762329751378
2018-03-22,0.000426161417266373
2018-03-23,-0.0006957010104980648
2018-03-26,0.002029133917647263
2018-03-27,0.0010363226785038689
2018-03-28,0.0005781157285920808
2018-04-02,0.0013802760694951116
2018-04-03,0.0008147386057585837
2018-04-04,-0.0004834199332225638
2018-04-05,0.0006426013965730839
2018-04-06,-0.00046719526335992686
2018-04-09,0.0014894585754360139
2018-04-10,0.00118171826106046
2018-04-11,0.001541428306781399
2018-04-12,0.0025702810850774535
2018-04-13,-0.002495035313857226
2018-04-16,0.007767031693173115
2018-04-17,0.0016044875904488464
2018-04-18,0.0023779526545521616
2018-04-19,0.0001730213332669097
2018-04-20,-0.001286725875530412
2018-04-23,8.671553773619976e-05
2018-04-24,-0.0010830558116343583
2018-04-25,0.0008966642587041689
2018-04-26,0.0002761589091151693
2018-04-27,0.001727933250099938
2018-04-30,-0.0014085187519452384
2018-05-02,-0.0017593969468015927
2018-05-03,-0.00225722334934074
2018-05-04,-0.0006099246412213958
2018-05-07,0.007210630022353033
2018-05-08,-0.00252182644258073
2018-05-09,0.002113904938909932
2018-05-10,0.005203973069565881
2018-05-11,0.004144981188362454
2018-05-14,7.706723128914823e-05
2018-05-15,-0.002326294762643841
2018-05-16,-0.010743411698570215
2018-05-17,-0.004532344491008753
2018-05-18,-0.00025302974642878867
2018-05-21,-0.0050437477030745555
2018-05-22,0.004240648568564769
2018-05-23,-0.001824992273185283
2018-05-24,0.0038123817677252606
2018-05-25,0.0014693148752513564
2018-05-28,-0.0007582082919739223
2018-05-29,0.004036927306469595
2018-05-30,-0.0042392435564876955
2018-05-31,0.0055251076477798745
2018-06-01,-0.004424268934105406
2018-06-04,-0.0051136743225823796
2018-06-05,-0.0034854858694739806
2018-06-06,0.003725595222724637
2018-06-07,0.005448800122432073
2018-06-08,0.0037962787639483496
2018-06-11,-0.0024460580566324007
2018-06-12,0.0014301755096678276
2018-06-13,0.0014985212977264685
2018-06-14,0.001219991202055073
2018-06-15,0.0008661731525506635
2018-06-18,-0.007000494789406159
2018-06-19,-0.0012787642010720543
2018-06-20,-0.0008096832391075066
2018-06-21,-0.004999176303182878
2018-06-22,0.0031917973031046665
2018-06-25,0.00010985857995668945
2018-06-26,-0.003714494925110317
2018-06-27,-0.0002583547694519333
2018-06-28,-0.004383354096036098
2018-06-29,0.0020904878103092874
2018-07-02,-0.0018776510159637418
2018-07-03,0.002867242887116376
2018-07-04,0.003789215489850683
2018-07-05,-0.0006808271592421653
2018-07-06,0.002399433075446561
2018-07-09,0.0037029870994452815
2018-07-10,0.0009890710413673564
2018-07-11,-0.0005020593291937247
2018-07-12,-0.0027105161779515875
2018-07-13,-0.0022167562648168675
2018-07-16,-2.411908067816767e-05
2018-07-17,-0.00028982006994799584
2018-07-18,-0.007570923130612316
2018-07-19,-0.00010627193851614166
2018-07-20,0.002863504775464083
2018-07-23,0.0068951036915785874
2018-07-24,-0.00028820028669523565
2018-07-25,0.0003455336583161785
2018-07-26,-0.0005735709717363477
2018-07-27,0.0013026458313077959
2018-07-30,0.002898437759246651
2018-07-31,-0.000867235184683324
2018-08-01,6.346764200010628e-06
2018-08-02,-0.005281591024071255
2018-08-03,0.0018373578282545639
2018-08-06,0.0013637862225737074
2018-08-07,0.0006440810786195682
2018-08-08,0.0012862623181613942
2018-08-09,0.0004504340395084781
2018-08-10,-0.0005435546638592842
2018-08-13,0.0016252358948011837
2018-08-14,0.00011266026754447106
2018-08-16,-0.005163841953729013
2018-08-17,0.001348568344475774
2018-08-20,0.0030087848101811483
2018-08-21,0.004414791620740144
2018-08-23,-0.00028422077949331973
2018-08-24,0.0006362084737449517
2018-08-27,0.010780208994239725
2018-08-28,0.007202463691025184
2018-08-29,-0.002438343955989788
2018-08-30,0.0012351778938045244
2018-08-31,0.001518051211028803
2018-09-03,-0.007044801432713186
2018-09-04,-0.0010673157793102677
2018-09-05,-0.0003498268064161525
2018-09-06,0.007737412305292573
2018-09-07,-0.001456687660974604
2018-09-10,-0.0033519201880339053
2018-09-11,-0.0029157672078649255
2018-09-12,0.0026376517272331044
2018-09-14,0.0031766814397253943
2018-09-17,-0.002187041825609943
2018-09-18,-0.0005288610194285341
2018-09-19,-0.0006391838646998883
2018-09-21,-0.003427981432506395
2018-09-24,-0.004925225815820354
2018-09-25,0.0025140401986044753
2018-09-26,-0.0009688049050666928
2018-09-27,-0.0024571698947853863
2018-09-28,-0.0025516237161313446
2018-10-01,0.0036559657978092993
2018-10-03,0.006585284175562438
2018-10-04,-0.004734062728222146
2018-10-05,-0.002761987596170757
2018-10-08,-0.0005251723878159986
2018-10-09,-0.0010389543485511009
2018-10-10,0.0023368346594790064
2018-10-11,-0.0011761715352031174
2018-10-12,0.00400436300251866
2018-10-15,0.0027073603744288198
2018-10-16,-0.00040302393458443693
2018-10-17,-0.0012087488675802452
2018-10-19,-0.0004908194316714486
2018-10-22,-0.00197027957172025
2018-10-23,-0.00039348901890131716
2018-10-24,0.00010214376066293213
2018-10-25,-0.0011058258920612777
2018-10-26,-0.0003599870489676462
2018-10-29,0.0018320942480381489
2018-10-30,-0.0013090806942159879
2018-10-31,0.005574030330955923
2018-11-01,0.0002932028520073117
2018-11-02,0.0007064301060209976
2018-11-05,0.0011064732993267038
2018-11-06,-0.0006782306972441982
2018-11-07,0.0007404906173896865
2018-11-09,-0.0019980973948108063
2018-11-12,-0.0031046534550251853
2018-11-13,0.0011066148562455318
2018-11-14,-2.0660393472023757e-05
2018-11-15,-0.0002715725824011324
2018-11-16,-0.0001899964045460424
2018-11-19,0.0008770143362319567
2018-11-20,-0.0009533260712006875
2018-11-21,-0.0006345957925705339
2018-11-22,-0.0007301855292940727
2018-11-26,-0.0006596073984122968
2018-11-27,0.00016598445627388113
2018-11-28,-0.0014049681750964368
2018-11-29,0.0019059748493250657
2018-11-30,0.001605068278062824
2018-12-03,0.0021946828961379133
2018-12-04,0.002035669957158972
2018-12-05,-0.0019251606474446291
2018-12-06,0.0003238150475622784
2018-12-07,-3.267067821943314e-06
2018-12-10,0.002598660472944921
2018-12-11,0.0011356469188524506
2018-12-12,0.0008222947358965756
2018-12-13,-0.0002907327787093235
2018-12-14,-0.00035017372618291985
2018-12-17,0.00045328683720919917
2018-12-18,-0.0005667628251401779
2018-12-19,-0.000496141046534706
2018-12-20,-6.282211801638577e-05
2018-12-21,-0.0007368747795255491
2018-12-24,0.0001977953039516778
2018-12-26,0.0014011005524036204
2018-12-27,0.0008948241555187318
2018-12-28,0.001478212315745037
2018-12-31,0.0015997815701153523
2019-01-02,0.0012718297958892238
2019-01-03,0.00016898849958026096
2019-01-04,-0.0006932222045937051
2019-01-07,-0.00011080623990002321
2019-01-08,-0.00013888177611352218
2019-01-09,0.0017118234491814693
2019-01-10,0.0023766802344850914
2019-01-11,-0.0006059325932092879
2019-01-14,0.0005860704294812517
2019-01-15,0.0007609198305461716
2019-01-16,0.0010277481862116188
2019-01-17,0.001148679492071671
2019-01-18,-0.0017877671030365892
2019-01-21,-0.0004870688372339845
2019-01-22,0.0014155362923193625
2019-01-23,-0.000332018111946162
2019-01-24,-0.0014984417905421965
2019-01-25,0.0006189550212948602
2019-01-28,0.0029122198790745373
2019-01-29,0.0019554967200669866
2019-01-30,0.000746324631372218
2019-01-31,0.00423610813738581
2019-02-01,0.0015351479640507374
2019-02-04,5.0013877231959427e-05
2019-02-05,0.0005192044434729533
2019-02-06,0.001968761076760455
2019-02-07,-0.0036305635095873496
2019-02-08,-0.0013745476422631431
2019-02-11,0.0006984625819733669
2019-02-12,-0.0012555861958111442
2019-02-14,-0.0003660994036829567
2019-02-15,0.0027214037907422215
2019-02-18,0.0020638526465058924
2019-02-19,0.0006572263459709117
2019-02-20,0.0021328688818050574
2019-02-21,-0.0022255914200009046
2019-02-22,-0.0019036636750291373
2019-02-25,0.0010472911302320431
2019-02-26,-0.0005257906603352339
2019-02-27,0.0005108347904515328
2019-02-28,0.0009704684558644867
2019-03-01,-0.004252744432202324
2019-03-05,-0.005938587694433198
2019-03-06,0.0007793333110207891
2019-03-07,-0.0021382309279176846
2019-03-08,0.0014933200319168758
2019-03-11,0.0009172766908211244
2019-03-12,-0.0010343089745660275
2019-03-13,0.0027895296025016976
2019-03-14,-0.0025808310210752956
2019-03-15,0.0002201779759111642
2019-03-18,-0.0024581206967445174
2019-03-19,0.002855002526519149
2019-03-20,-0.0023886421208861087
2019-03-22,0.0026207146710872306
2019-03-25,-0.0003811769623092378
2019-03-26,-1.2333586503029525e-05
2019-03-27,0.0002463346705236604
2019-03-28,0.0012591666338449175
2019-04-01,-0.00137321873583998
2019-04-02,-0.0009110258850666421
2019-04-03,-0.0015349837557096155
2019-04-04,0.0015793724694621333
2019-04-05,0.000216991381350503
2019-04-08,0.0026947843935599173
2019-04-09,0.00017357328493779694
2019-04-10,-0.0006613918786838246
2019-04-11,-0.00030345444579644797
2019-04-12,0.00015510614812578536
2019-04-15,-0.0006095988339889582
2019-04-16,0.001050549716739857
2019-04-18,-0.0018169828249337424
2019-04-22,-0.0040368660295078225
2019-04-23,-0.0006894995244977562
2019-04-24,0.004177790435822277
2019-04-25,-0.0011592241911763293
2019-04-26,0.0029734665429279653
2019-04-30,0.0015093073414557791
2019-05-02,-0.002343432693061315
2019-05-03,-0.0005006260251624844
2019-05-06,-0.0020342247273844026
2019-05-07,-0.002737228798749137
2019-05-08,-0.0014174142745624764
2019-05-09,-0.00023162920249837778
2019-05-10,-0.00026676051168832816
2019-05-13,-0.0003096726247533595
2019-05-14,0.0026814684640995294
2019-05-15,-0.0005479838572508867
2019-05-16,-0.00030729437967171123
2019-05-17,0.0008386213977916285
2019-05-20,0.001975626699129644
2019-05-21,-0.0009920114461331913
2019-05-22,9.888047677778045e-05
2019-05-23,-3.271550852522085e-05
2019-05-24,0.001751578558320049
2019-05-27,0.0014772293611140716
2019-05-28,6.497807121799747e-05
2019-05-29,-1.0404739165649143e-05
2019-05-30,-0.0001985132476211664
2019-05-31,0.004336427372310854
2019-06-03,0.002613622785940477
2019-06-04,5.308051272783659e-05
2019-06-06,0.000190972411345843
2019-06-07,-7.0028557365279555e-06
2019-06-10,-0.0001793710571819677
2019-06-11,-0.0008560413238877396
2019-06-12,0.0006212185646519657
2019-06-13,0.00035304570280712567
2019-06-14,0.0018164113406539122
2019-06-17,-0.003401061602046138
2019-06-18,0.0009029751343850228
2019-06-19,-0.00020270927349463723
2019-06-20,0.006124587441472186
2019-06-21,-0.00099261758202401
2019-06-24,0.0012678564550399078
2019-06-25,0.003491632614887158
2019-06-26,-0.010267308640450539
2019-06-27,-0.0014689342392654248
2019-06-28,0.002032492788081798
2019-07-01,-0.0050294740267153425
2019-07-02,0.002387535804114806
2019-07-03,0.010587372580775788
2019-07-04,-0.002967589570305315
2019-07-05,0.0012274531537383804
2019-07-08,-0.0036410950488766783
2019-07-09,-0.0015241598113708127
2019-07-10,0.00011876730623276406
2019-07-11,0.0033176071168158194
2019-07-12,-0.0017634514391343691
2019-07-15,0.0014482025151733558
2019-07-16,0.0010197498990115266
2019-07-17,-3.532422020668648e-05
2019-07-18,0.0015667781666780058
2019-07-19,-0.0008547033743659044
2019-07-22,-0.0025646329389187625
2019-07-23,-0.0006082895853105653
2019-07-24,-0.00047352111850699715
2019-07-25,-0.0001753229587160842
2019-07-26,-0.00043458054694972564
2019-07-29,-0.0012085057881280772
2019-07-30,-0.000583137129279166
2019-07-31,0.001802660523350679
2019-08-01,-0.002748201628534505
2019-08-02,0.004665976328025537
2019-08-05,0.002092787795174426
2019-08-06,0.002101027090023915
2019-08-07,0.0013625460400912203
2019-08-08,0.0019301857709365122
2019-08-09,0.001572940795424897
2019-08-13,0.0007240546480304479
2019-08-14,-0.0013789797869089952
2019-08-16,0.0008629433197359797
2019-08-19,0.00027619337182936677
2019-08-20,0.0007809074571954568
2019-08-21,-0.002382038780306084
2019-08-22,-0.0008961124833214921
2019-08-23,0.0005441295115655842
2019-08-26,0.007189676251577553
2019-08-27,0.0005166939372104178
2019-08-28,0.0005832198988845041
2019-08-29,-0.0011346113999666759
2019-08-30,0.00081913446565357
2019-09-03,0.0004885443905549027
2019-09-04,0.0011725702999803881
2019-09-05,-0.0002611358850549755
2019-09-06,-0.003566978600876969
2019-09-09,0.0015074090989246843
2019-09-11,-0.0013691392394667473
2019-09-12,-0.0015495975868043308
2019-09-13,0.0010078288743907969
2019-09-16,-0.00023590043671586837
2019-09-17,-0.0016828422086634512
2019-09-18,-0.0009435426749366499
2019-09-19,-0.003281930953991226
2019-09-20,0.00784847603565996
2019-09-23,0.005468807544708616
2019-09-24,-0.00013996102139657459
2019-09-25,-0.0006530827124627244
2019-09-26,2.2467604871173738e-05
2019-09-27,-0.0005802632943889953
2019-09-30,0.0012749904480633663
2019-10-01,-0.003008127079247115
2019-10-03,0.002762155910687818
2019-10-04,-0.00047322662707640316
2019-10-07,-0.0008019908464084191
2019-10-09,0.0029947579290035328
2019-10-10,-0.0005305121627609381
2019-10-11,0.00015453832806914408
2019-10-14,0.0008621514138111694
2019-10-15,0.0019303090757064106
2019-10-16,-0.00040617636781090414
2019-10-17,0.001611257659101363
2019-10-18,0.0007110068619627578
2019-10-22,-0.0013067420720263292
2019-10-23,0.0008342508599093088
2019-10-24,-0.0007026792112608257
2019-10-25,0.002970635872846805
2019-10-29,-0.0006146274838040012
2019-10-30,0.0003654831265780578
2019-10-31,0.004241833924605323
2019-11-01,0.000719330929185919
2019-11-04,0.0005746947107340126
2019-11-05,-0.0013968509964162588
2019-11-06,-0.002040680415968577
2019-11-07,-0.0004852433806753133
2019-11-08,-0.0035777626301432344
2019-11-11,0.0005400826500413279
2019-11-13,0.0023799376572249133
2019-11-14,0.0003610758417224003
2019-11-15,-0.0029847126069869234
2019-11-18,-0.0012014290865572032
2019-11-19,0.0032677905978318053
2019-11-20,0.0018725231272857328
2019-11-21,-0.0017433486893632015
2019-11-22,-0.00029264645273288317
2019-11-25,-0.002298196501334293
2019-11-26,-0.0009332017683228743
2019-11-27,3.222946139003094e-05
2019-11-28,0.0008405693240761283
2019-11-29,0.0016368654307466787
2019-12-02,-0.00010737071855998785
2019-12-03,0.0004581532396983542
2019-12-04,0.0031504127155043563
2019-12-05,-0.0010926186923240146
2019-12-06,-0.0010599245913880439
2019-12-09,-0.003927237755281506
2019-12-10,-0.000814931380831548
2019-12-11,0.0010353122202104328
2019-12-12,0.0005472904696079894
2019-12-13,1.922297043748726e-05
2019-12-16,0.002145300691441576
2019-12-17,0.0013222559908298145
2019-12-18,0.0013224061580425312
2019-12-19,0.0004221758043971381
2019-12-20,0.00025586572486064924
2019-12-23,0.00013760548835088727
2019-12-24,0.0007435584176048375
2019-12-26,0.002048891487766539
2019-12-27,0.0022850883862297147
2019-12-30,0.001592908378854219
2019-12-31,0.0025002301046981156
2020-01-01,-0.0009287158867398547
2020-01-02,0.000622920372215496
2020-01-03,0.010355316638787044
2020-01-06,0.00597327529849326
2020-01-07,-0.005915278654358893
2020-01-08,0.005735506265617067
2020-01-09,-0.0089831930118553
2020-01-10,-0.0007399528312429915
2020-01-13,-0.0015609555066169987
2020-01-14,0.0002062232385429695
2020-01-15,0.002899033731207615
2020-01-16,-0.0004186674715445122
2020-01-17,-0.0005190987398477001
2020-01-20,0.0020174253556010783
2020-01-21,-0.0013816214930602057
2020-01-22,-6.812635766465696e-05
2020-01-23,0.0005416091387764151
2020-01-24,0.001652468943019593
2020-01-27,0.00038267763828163273
2020-01-28,-0.0013294439439890601
2020-01-29,0.00043912146242155753
2020-01-30,0.002016814190589281
2020-01-31,-0.0032474496349545823
2020-02-03,-0.006807121124277645
2020-02-04,0.0022872293423823473
2020-02-05,-0.0016628125386197539
2020-02-06,0.006367875652003937
2020-02-07,-0.0009956471414350268
2020-02-10,0.00028607671941759463
2020-02-11,0.00035324866451060216
2020-02-12,0.0008510993006859986
2020-02-13,0.0005202551735986849
2020-02-14,-0.001158481095464711
2020-02-17,-0.00046536038658595796
2020-02-18,0.000271547112856379
2020-02-19,0.0040608529423635685
2020-02-20,-6.258546470574555e-05
2020-02-24,0.004439210784550808
2020-02-25,-0.004992063556307218
2020-02-26,-0.001120697371477024
2020-02-27,-0.0011394626432757518
2020-02-28,-0.004032838824351573
2020-03-02,-0.002193393130302829
2020-03-03,0.002589017484315244
2020-03-04,0.003443018601851468
2020-03-05,-1.4335086330242763e-05
2020-03-06,0.0005544613140443847
2020-03-09,-0.009423401686653511
2020-03-11,-0.0010309160485972705
2020-03-12,-0.01287668699636792
2020-03-13,-3.6470340018792888e-06
2020-03-16,-0.015023328622362702
2020-03-17,-0.007280611244021105
2020-03-18,-0.005297607703665529
2020-03-19,-0.004502697990426994
2020-03-20,0.012396658719424983
2020-03-23,-0.023430461272460314
2020-03-24,0.00970221760163903
2020-03-25,0.012126587978172574
2020-03-26,0.004477288596863216
2020-03-27,0.006468971988890052
2020-03-30,8.690667186162394e-05
2020-03-31,0.0006616160594212798
2020-04-01,-0.005650319848523981
2020-04-03,-0.0007325952157241629
2020-04-07,0.016170305430685636
2020-04-08,-0.00023501115311482586
2020-04-09,0.009902728159596332
2020-04-13,0.004619722150550773
2020-04-15,-0.0004402271676378611
2020-04-16,0.0032371049772085547
2020-04-17,0.0015803924022260462
2020-04-20,-0.003470094617831944
2020-04-21,-0.002494885841063451
2020-04-22,0.005373695803732486
2020-04-23,0.0019955039378072017
2020-04-24,-0.0009111401054499934
2020-04-27,0.0003023732630162211
2020-04-28,0.0014066659210079074
2020-04-29,-0.00032867405687705313
2020-04-30,0.004423888874512911
2020-05-04,-0.0032712402414392925
2020-05-05,-0.007113822348834585
2020-05-06,-0.0005251311229543052
2020-05-07,-0.0022096935818259524
2020-05-08,0.002931329853395515
2020-05-11,-0.001999070132070065
2020-05-12,8.887126453467663e-05
2020-05-13,-0.00014847273370262727
2020-05-14,0.0012140419980209089
2020-05-15,0.0016910924795750036
2020-05-18,0.0017832618373451316
2020-05-19,-0.005956907913664492
2020-05-20,0.004286862160799969
2020-05-21,-0.002190915143128911
2020-05-22,0.0007270059504955462
2020-05-26,-0.0025781221265136515
2020-05-27,-0.0009596332383278714
2020-05-28,0.0043665267847747226
2020-05-29,0.0008008062586877228
2020-06-01,0.0029862863262994045
2020-06-02,0.0009198205600703483
2020-06-03,-0.001081715068996984
2020-06-04,-0.0006274815928294167
2020-06-05,0.00293173833518475
2020-06-08,-0.0028251403474681474
2020-06-09,0.0011375348735342948
2020-06-10,0.0016632577713033185
2020-06-11,0.001402060563579258
2020-06-12,0.0008899975917833669
2020-06-15,-0.0032669537053555643
2020-06-16,0.003159054062704754
2020-06-17,-0.0013373608980193456
2020-06-18,0.0025495072268303977
2020-06-19,0.0005263980087805259
2020-06-22,0.0034834979176497
2020-06-23,0.0007063643886560946
2020-06-24,0.0014994746116309809
2020-06-25,-0.0022080072469311206
2020-06-26,0.0007536254840837767
2020-06-29,0.0003805922540907031
2020-06-30,0.0018875810212486705
2020-07-01,0.0029762939167185185
2020-07-02,-0.0032327676819814723
2020-07-03,0.00015474141024994793
2020-07-06,0.0014127465152849153
2020-07-07,0.0010574942774854038
2020-07-08,0.0025780818210812406
2020-07-09,0.0024168707317728097
2020-07-10,-0.0009846038236864339
2020-07-13,0.0005456748326865954
2020-07-14,-0.0020182236914828757
2020-07-15,0.0006043101447235412
2020-07-16,0.0002779253668700437
2020-07-17,-0.00021471838392681658
2020-07-20,0.0017891226956097107
2020-07-21,0.0019158601392230894
2020-07-22,0.0030939007041283447
2020-07-23,0.003767093844265287
2020-07-24,0.002306798873740768
2020-07-27,0.008494079822679341
2020-07-28,-0.0017747315587918317
2020-07-29,0.0024779824957587085
2020-07-30,-0.00022386771452889283
2020-07-31,0.004581690959701524
2020-08-03,-0.0004104809474796588
2020-08-04,0.0011202834825518163
2020-08-05,0.006190527615391328
2020-08-06,0.0024608005396071736
2020-08-07,0.0013678409713225382
2020-08-10,-0.003297669087520429
2020-08-11,-0.0049727845090559155
2020-08-12,-0.008049728322154313
2020-08-13,0.0015237362148828356
2020-08-14,0.00094796210188327
2020-08-17,-0.0004465011433051954
2020-08-18,0.006674741049902795
2020-08-19,-0.00197743140894184
2020-08-20,-0.006514700138559529
2020-08-21,0.0005576770240312545
2020-08-24,-0.0005640678738614622
2020-08-25,-0.002872303255364603
2020-08-26,-0.00021839294978932166
2020-08-27,0.0013542180200069888
2020-08-28,0.0007734287866632194
2020-08-31,0.0009016586723849338
2020-09-01,0.0011054756323999667
2020-09-02,-0.0019728508063196317
2020-09-03,-0.0029384757518252477
2020-09-04,0.00033313697223231846
2020-09-07,0.00028904964521826086
2020-09-08,0.00013997299877298032
2020-09-09,0.00038829066061716737
2020-09-10,0.002465912222363453
2020-09-11,-0.00016075279897255027
2020-09-14,-0.0008712729933929217
2020-09-15,0.0032261714226025917
2020-09-16,-0.0004416079329770276
2020-09-17,-0.0025639522262947967
2020-09-18,0.0016997116999685757
2020-09-21,-0.003133014872916912
2020-09-22,-0.004412267497268961
2020-09-23,-0.001603136688965663
2020-09-24,-0.005254965598948306
2020-09-25,0.002928296780091268
2020-09-28,-0.0005780960853321497
2020-09-29,0.0044800029720388854
2020-09-30,0.0017600115110807339
2020-10-01,0.0005942414847558233
2020-10-05,0.0009321279513838329
2020-10-06,0.003195858620539676
2020-10-07,-0.003006130539395812
2020-10-08,0.0008145077761852321
2020-10-09,0.0025749114467269398
2020-10-12,0.0021306576361834416
2020-10-13,-0.0003434283573554703
2020-10-14,-0.0027509337419621906
2020-10-15,-0.0008469905460394069
2020-10-16,0.0014714231371125877
2020-10-19,0.0007907498238484468
2020-10-20,-0.00029014911068251954
2020-10-21,0.002063270565015325
2020-10-22,-0.00023268175425388005
2020-10-23,-0.0005348619236346108
2020-10-26,-0.0014327035690411215
2020-10-27,0.0005403367083187511
2020-10-28,-0.00043597344778175637
2020-10-29,-0.0004420302604485828
2020-10-30,-0.0003213755923153993
2020-11-02,0.001729230487216018
2020-11-03,0.0017654416274373239
2020-11-04,0.0007498257412892676
2020-11-05,0.001614028739835311
2020-11-06,0.004369432424508458
2020-11-09,0.0022144115985057436
2020-11-10,-0.008475270706077436
2020-11-11,0.0017935408065576537
2020-11-12,7.143596770070354e-06
2020-11-13,0.0005820518349647389
2020-11-17,0.001709272325277384
2020-11-18,-0.0013957402637887022
2020-11-19,-0.00270360021008403
2020-11-20,0.00035496784914250087
2020-11-23,0.000724993110361154
2020-11-24,-0.005165985792996991
2020-11-25,-0.0015597087450599156
2020-11-26,0.0020979024932405756
2020-11-27,0.0006887483508024656
2020-12-01,-0.0022645055476138193
2020-12-02,0.002993999770386807
2020-12-03,0.0014068626233358496
2020-12-04,0.0005926900276168528
2020-12-07,-0.0011261567587392827
2020-12-08,0.003342541991109428
2020-12-09,-0.0001800949217623996
2020-12-10,-0.0031010571389639657
2020-12-11,0.0005072600034554903
2020-12-14,0.001132437102872049
2020-12-15,0.0002816019444076118
2020-12-16,0.003029377209638449
2020-12-17,0.001526445184254905
2020-12-18,0.0005136781098306926
2020-12-21,-0.004199275527543207
2020-12-22,0.0003286445676477375
2020-12-23,0.0013022189037860518
2020-12-24,0.002281165394483675
2020-12-28,0.0018615499767896514
2020-12-29,0.0002035148049960746
2020-12-30,0.00028509819735479626
2020-12-31,0.0018341879194205407
2021-01-01,0.000620931251581621
2021-01-04,0.003514144196743815
2021-01-05,0.002133112842169971
2021-01-06,-6.168038135306441e-05
2021-01-07,-0.0023192249993015885
2021-01-08,0.000739986973198038
2021-01-11,-0.0008363930713262101
2021-01-12,0.0015184582817106287
2021-01-13,-0.0004706538131924666
2021-01-14,-0.0007935539760601687
2021-01-15,-0.0008182683026317203
2021-01-18,-0.0032780897463106935
2021-01-19,0.003582688182832961
2021-01-20,0.002034423340567841
2021-01-21,9.480421117937724e-05
2021-01-22,-0.0030438331248768095
2021-01-25,-0.0023236501950023945
2021-01-27,-0.0038865941066037303
2021-01-28,-0.0018519238636573857
2021-01-29,-0.0005411916441905478
2021-02-01,0.006355151437953595
2021-02-02,0.0025891413916758876
2021-02-03,0.0007286372971091396
2021-02-04,-0.00011605242468392838
2021-02-05,-0.0003949382841622249
2021-02-08,0.00252365375986894
2021-02-09,0.0019162856929326323
2021-02-10,-0.00033093447008685856
2021-02-11,0.0006913741040206479
2021-02-12,-0.002029357685860037
2021-02-15,0.0015262419198448182
2021-02-16,0.0005382718563508921
2021-02-17,-0.003943887737530159
2021-02-18,-0.0011089249666100713
2021-02-19,-0.002725212255277761
2021-02-22,-0.0020118214720891035
2021-02-23,0.0011877386123871486
2021-02-24,0.002738287685146116
2021-02-25,0.00017823671300853743
2021-02-26,-0.004906759671745315
2021-03-01,0.0014592755690485191
2021-03-02,8.702475848957735e-05
2021-03-03,0.0027310899805353854
2021-03-04,-0.003144940381116926
2021-03-05,-0.0024383314036809005
2021-03-08,0.0003009034737643291
2021-03-09,0.002036684116068068
2021-03-10,0.0011675530206246658
2021-03-12,-0.002662301136800705
2021-03-15,0.0005437076331824028
2021-03-16,-0.00030984062226363377
2021-03-17,-0.0015785827430851848
2021-03-18,-0.0016258661689862342
2021-03-19,0.002219300148713227
2021-03-22,-0.0014720403570039845
2021-03-23,0.001083466009845072
2021-03-24,-0.002941422643817517
2021-03-25,-0.002375591202537038
2021-03-26,0.0016214614196133716
2021-03-30,0.0021156476451823026
2021-03-31,-0.0007576515973394882
2021-04-01,0.0059223809971204015
2021-04-05,-0.0006132586574481352
2021-04-06,0.0011146267412510073
2021-04-07,0.003986543204387339
2021-04-08,0.0012106754577521426
2021-04-09,0.00049438034474155
2021-04-12,-0.003902135146973574
2021-04-13,0.001658873087462652
2021-04-15,0.0015668172195841138
2021-04-16,0.0007798652618588842
2021-04-19,0.0011228712763621247
2021-04-20,-0.002416527766496258
2021-04-22,0.002592267834821954
2021-04-23,-0.0003424555313933463
2021-04-26,-0.00013596089476724323
2021-04-27,0.000671115453362286
2021-04-28,-0.0003051674211458923
2021-04-29,0.000464577969100478
2021-04-30,-0.00270702942158284
2021-05-03,0.00025495062063388515
2021-05-04,-0.0018935358211330897
2021-05-05,0.0013365090269258947
2021-05-06,0.0021743027298311217
2021-05-07,0.002534509177808984
2021-05-10,0.0019045168936433167
2021-05-11,-0.0009672038671171216
2021-05-12,-0.0012055319068780515
2021-05-14,0.0003103799063951439
2021-05-17,0.0034158617627902434
2021-05-18,0.0025519650345676077
2021-05-19,-0.0012484335662826325
2021-05-20,-7.081453648286864e-05
2021-05-21,0.0022077468786237567
2021-05-24,0.00029248870561897084
2021-05-25,-0.0002693734811831666
2021-05-26,0.002996749157818521
2021-05-27,-0.0008328407098552833
2021-05-28,-2.203108206912769e-05
2021-05-31,0.003957580812254448
2021-06-01,0.0010067992413301892
2021-06-02,-0.0011293249588513422
2021-06-03,0.0005589673343160072
2021-06-04,-0.000678747137714955
2021-06-07,0.001555539335328672
2021-06-08,-0.00021225760919695158
2021-06-09,-0.0019854201820653943
2021-06-10,0.0019443160940261829
2021-06-11,0.0011797178337119893
2021-06-14,0.00020715895653089904
2021-06-15,0.001089411111867591
2021-06-16,-0.001907641810992262
2021-06-17,-0.001474749835109733
2021-06-18,-0.0001720346265506522
2021-06-21,0.0011925491714388772
2021-06-22,0.0005024869637301454
2021-06-23,-0.001617403112267096
2021-06-24,0.0019609983783550355
2021-06-25,0.0013147454602715903
2021-06-28,-0.0008640649771230124
2021-06-29,-0.0012527119308883114
2021-06-30,0.0009763996568592756
2021-07-01,-0.0007600563979762083
2021-07-02,0.0008138506274676832
2021-07-05,0.0021209934007027833
2021-07-06,-0.00027580578515744894
2021-07-07,0.0011619707462856169
2021-07-08,-0.0028464942363805473
2021-07-09,-0.0007296104539076216
2021-07-12,4.926405477933851e-05
2021-07-13,0.0022747758843206455
2021-07-14,0.0007828508876402265
2021-07-15,0.0013369057979283213
2021-07-16,-1.431184313326996e-05
2021-07-19,-0.003211024901765794
2021-07-20,-0.0022721676116533762
2021-07-22,0.00363288787404823
2021-07-23,0.0006124583670339478
2021-07-26,-0.0005988030834150924
2021-07-27,-0.0014642230527559558
2021-07-28,-0.0007070518288870987
2021-07-29,0.0015525822607728643
2021-07-30,0.0017688480938638043
2021-08-02,-0.00014656758338927982
2021-08-03,0.0022369417713848753
2021-08-04,0.001408575327424636
2021-08-05,0.000440054104985247
2021-08-06,-0.0012952427533416437
2021-08-09,-0.0003663832915576161
2021-08-10,0.0002540426510002268
2021-08-11,5.961966993142423e-05
2021-08-12,0.0015949095783628195
2021-08-13,0.0026616374795500903
2021-08-16,0.000766789116728266
2021-08-17,0.001141187270798728
2021-08-18,-0.0008603561393422757
2021-08-20,-0.0019601159503801796
2021-08-23,0.0007749245003194297
2021-08-24,0.002218243465240654
2021-08-25,5.7291882398185123e-05
2021-08-26,-0.00014482477562709147
2021-08-27,0.001156667806492215
2021-08-30,0.003744037460037973
2021-08-31,0.004484650732022347
2021-09-01,-0.0008852912613515375
2021-09-02,0.002555806126845253
2021-09-03,0.00139623988046586
2021-09-06,0.001068045120139796
2021-09-07,-0.0003558458243494021
2021-09-08,-0.0002690863264665607
2021-09-09,0.00017593579323271747
2021-09-13,-0.0002692206548229876
2021-09-14,0.0003836888110247451
2021-09-15,0.0023334196427087146
2021-09-16,0.001363741328165578
2021-09-17,-0.0009214560558733932
2021-09-20,-0.0029029261552446037
2021-09-21,0.0025924995237152516
2021-09-22,4.9865807670736075e-05
2021-09-23,0.004037584529627501
2021-09-24,0.0002477080168985406
2021-09-27,-1.620163756259634e-05
2021-09-28,-0.0016520248267542894
2021-09-29,-0.0005241222139756958
2021-09-30,-0.0005135150431851133
2021-10-01,-0.0009323981800896501
2021-10-04,0.002465885203768198
2021-10-05,0.0020702993657795597
2021-10-06,-0.0025771573953660572
2021-10-07,0.0022700509001741453
2021-10-08,0.0015849827352050795
2021-10-11,0.0008852058717777467
2021-10-12,0.000796136926382411
2021-10-13,0.002592373224412906
2021-10-14,0.003080302368849451
2021-10-18,0.0016215216407869672
2021-10-19,-0.0006824655341339321
2021-10-20,-0.002327511033671602
2021-10-21,-0.0012203318214445357
2021-10-22,-0.0008377864419573934
2021-10-25,0.0003735661519705288
2021-10-26,0.0021748293030761875
2021-10-27,-0.001084295414244878
2021-10-28,-0.005044925631170533
2021-10-29,-0.001313618631000497
2021-11-01,0.0008093776762995034
2021-11-02,0.00039653659335818183
2021-11-03,-0.001848779668288399
2021-11-04,0.0016981626533869765
2021-11-08,0.0016832297524597114
2021-11-09,0.0005143305363852065
2021-11-10,0.0002960804779922865
2021-11-11,0.0026263212371202514
2021-11-12,0.0006889043723702635
2021-11-15,0.0008433031879278093
2021-11-16,-0.0001990834402767766
2021-11-17,-0.0017513317620336615
2021-11-18,-0.0007114586556783014
2021-11-22,-0.0040786727724936855
2021-11-23,-0.002907556001264027
2021-11-24,-0.0012265195212896327
2021-11-25,0.0013233475569100692
2021-11-26,-0.0018982168980724227
2021-11-29,-0.00040082488602464665
2021-11-30,0.0004856550476857487
2021-12-01,0.00020144836635736059
2021-12-02,0.0008544041995938946
2021-12-03,-0.0017936684792872477
2021-12-06,-0.0005986553919357881
2021-12-07,0.0017195588739933841
2021-12-08,0.0032635418242504127
2021-12-09,-0.00013403999410492568
2021-12-10,-0.0003607471047450157
2021-12-13,6.440838986041062e-05
2021-12-14,-0.00032059314983693457
2021-12-15,-0.0011092993134184845
2021-12-16,0.0012155632214008356
2021-12-17,-0.0002986941879155097
2021-12-20,-0.003989226179877995
2021-12-21,0.0005460149694007033
2021-12-22,0.0007577098701989303
2021-12-23,0.0015979811808237514
2021-12-24,-0.0004414978837095689
2021-12-27,0.0001447127543208133
2021-12-28,0.001210954896356039
2021-12-29,-0.0005884746362687224
2021-12-30,-0.0012116696565506518
2021-12-31,0.0036287052275363546
2022-01-03,0.0030651562231301978
2022-01-04,0.00024642827238081466
2022-01-05,0.001291921713082103
2022-01-06,-0.002612708135388045
2022-01-07,-0.00011207333480369689
2022-01-10,0.0013159968003997615
2022-01-11,0.000964686503147039
2022-01-12,0.001630173299042195
2022-01-13,0.0006879121247674387
2022-01-14,0.0004332064947787122
2022-01-17,0.0003765823723705136
2022-01-18,-0.0014325840860811474
2022-01-19,-0.0009483875474247702
2022-01-20,0.0004966083154159203
2022-01-21,-0.0018695332468373212
2022-01-24,-0.002682729963191208
2022-01-25,0.001059837129530423
2022-01-27,-0.0022307642652876557
2022-01-28,-0.0016359562504338209
2022-01-31,0.005604557701164879
2022-02-01,0.004108281435743697
2022-02-02,0.003480025828754104
2022-02-03,-0.003715142568172166
2022-02-04,-0.0007527061530418937
2022-02-07,-0.005203284238085494
2022-02-08,0.0009128027178910954
2022-02-09,0.0019482364719159272
2022-02-10,0.0016675803721785038
2022-02-11,-0.0011995735820775994
2022-02-14,0.0006284173838731364
2022-02-15,0.0018722488593473302
2022-02-16,-0.0005576554603680122
2022-02-17,0.003611608166752414
2022-02-18,-0.0011651467606998238
2022-02-21,-0.0007508248861726939
2022-02-22,0.0007722376055453043
2022-02-23,-0.0015588153057087013
2022-02-24,0.0031908750616659303
2022-02-25,-0.0024496795595582935
2022-02-28,0.000633161588580526
2022-03-02,0.0028544677924123916
2022-03-03,-0.0005340908596855705
2022-03-04,-0.00017839086523303242
2022-03-07,0.004251748964756127
2022-03-08,0.0005276488639422678
2022-03-09,0.0006175285235921377
2022-03-10,-0.0025983697980348367
2022-03-11,0.0024542922647345596
2022-03-14,-0.0016791219860940317
2022-03-15,-0.0025667926142263885
2022-03-16,0.0011955921014992386
2022-03-17,0.0016505660332791039
2022-03-21,-0.0013128132922651645
2022-03-22,0.0018931231319305047
2022-03-23,0.00012112094910097631
2022-03-24,0.0006393964106840368
2022-03-25,0.0006291349914928472
2022-03-28,-0.0010499032948543727
2022-03-29,-0.0009299251147904051
2022-03-30,0.0007832301462535733
2022-03-31,0.0014527134254353822
2022-04-01,0.0032361341421162327
2022-04-04,0.0009346580543265551
2022-04-05,-0.00021060913959127035
2022-04-06,-0.00015942442309802615
2022-04-07,-0.00042629228613504935
2022-04-08,0.001008090914128539
2022-04-11,0.0016743133532724653
2022-04-12,-0.0009972904690128623
2022-04-13,0.0018599539744478823
2022-04-18,-4.268581260737591e-05
2022-04-19,-0.00224742252729088
2022-04-20,-0.0019410651622287804
2022-04-21,0.0016201594101011882
2022-04-22,-0.0009100851505000433
2022-04-25,-0.003204206866422706
2022-04-26,0.0005287181083068707
2022-04-27,-0.0019403489162102192
2022-04-28,0.0009376482220535551
2022-04-29,0.0025547720622556835
2022-05-02,-0.0028741523344791484
2022-05-04,-0.0033222792551830657
2022-05-05,0.0024247529902201334
2022-05-06,-0.0017677304409010005
2022-05-09,-0.0012940292021711318
2022-05-10,-0.0011017005979751548
2022-05-11,-0.0013595410531124905
2022-05-12,-0.0026194167085563345
2022-05-13,-0.0027647593352286325
2022-05-16,-0.0008018467534322627
2022-05-17,0.004657112797966361
2022-05-18,-0.0007752803107891903
2022-05-19,-0.0020554286689698055
2022-05-20,0.004618125273663239
2022-05-23,0.001075347942200263
2022-05-24,-0.001374057943417946
2022-05-25,-0.00046512545387724047
2022-05-26,-8.677173316697399e-05
2022-05-27,0.0021591846390914657
2022-05-30,0.001648860330687444
2022-05-31,0.0013060235593234202
2022-06-01,-0.002259536159423627
2022-06-02,0.0027004203758782402
2022-06-03,0.0004427184490884672
2022-06-06,-0.0007423510471146007
2022-06-07,-0.001617204686462031
2022-06-08,-0.00031773142217090286
2022-06-09,0.0011249386796691931
2022-06-10,-0.002462024752292045
2022-06-13,-0.001261104985702931
2022-06-14,-0.0029629863208639187
2022-06-15,-0.00010629192215105948
2022-06-16,-0.001847607739741482
2022-06-17,0.0016407606116479847
2022-06-20,-0.001201235364650803
2022-06-21,0.0008930204782241124
2022-06-22,-0.0013965515594252717
2022-06-23,0.0009914561191202592
2022-06-24,-1.4680724527681003e-05
2022-06-27,0.0016589189344943475
2022-06-28,-0.0003095611745370871
2022-06-29,-0.00041072791391722017
2022-06-30,0.0018286824902264097
2022-07-01,0.0031961653619647745
2022-07-04,0.0020433277892073325
2022-07-05,0.0005620453873330617
2022-07-06,-0.0027235410494455287
2022-07-07,-0.0026325734121815034
2022-07-08,0.00021804210504233358
2022-07-11,-7.887325236169722e-05
2022-07-12,-0.00024383593848109592
2022-07-13,-0.001331515348343187
2022-07-14,-0.0008730713427421801
2022-07-15,-0.0006530609062523323
2022-07-18,0.0033034342616936148
2022-07-19,-0.0006591723989478861
2022-07-20,0.001092652702174903
2022-07-21,-0.0010871037787388103
2022-07-22,0.0037166068005357773
2022-07-25,-0.0009626373002162294
2022-07-26,-0.0015528113385019542
2022-07-27,0.00149672619234724
2022-07-28,0.0037524351424836778
2022-07-29,0.0038347022304972373
2022-08-01,0.0017496491817325125
2022-08-02,-0.00015491453661508852
2022-08-03,0.0002888180686235208
2022-08-04,0.002138174177734867
2022-08-05,0.0003285774408439017
2022-08-08,2.986854474847859e-05
2022-08-10,0.0013145474214446816
2022-08-11,0.0007165771660631257
2022-08-12,0.0006166478768928306
2022-08-16,-0.0012486931951164056
2022-08-17,0.00022927310659618815
2022-08-18,-0.00020553733577094313
2022-08-19,-0.0014563944821909666
2022-08-22,-0.0033025463242653086
2022-08-23,0.0011804555580862052
2022-08-24,0.0010407241417013035
2022-08-25,0.0012578895056906093
2022-08-26,-0.0015818791219583868
2022-08-29,-0.003521731518527031
2022-08-30,0.00566025866413488
2022-09-01,-0.003714935983528127
2022-09-02,6.733193628863084e-05
2022-09-05,0.0015268988925913225
2022-09-06,-0.00023843526859798186
2022-09-07,-0.0005809727492241208
2022-09-08,0.0019071387181869106
2022-09-09,0.0004815391915762011
2022-09-12,0.0003598539839218832
2022-09-13,0.0003807564079433212
2022-09-14,-0.0018051826276766253
2022-09-15,-0.0013397854077259875
2022-09-16,-0.005617892664482579
2022-09-19,0.0009296960959265496
2022-09-20,0.0018694075364960522
2022-09-21,0.00035240887329823626
2022-09-22,0.0007462506252405368
2022-09-23,-0.002617741674334392
2022-09-26,-0.0027588647895242565
2022-09-27,-0.001049552873214425
2022-09-28,-0.0014868237409026764
2022-09-29,0.0024482522770197385
2022-09-30,0.005465237787710498
2022-10-03,-0.0014078043057415704
2022-10-04,0.006526468787588708
2022-10-06,0.0013673469955352018
2022-10-07,0.000791132056522964
2022-10-10,-0.003733945071065276
2022-10-11,-0.0029743566159603093
2022-10-12,0.001639566793517653
2022-10-13,-0.000256803542026656
2022-10-14,-0.0007831620994777368
2022-10-17,0.0007110963339702436
2022-10-18,0.0005720259894941
2022-10-19,0.00046777825312033857
2022-10-20,-0.00033503532782380144
2022-10-21,-0.001306323403309741
2022-10-24,0.004310730638944374
2022-10-25,-0.0018193139035743787
2022-10-27,0.0017807597692047717
2022-10-28,-0.0004782299537776006
2022-10-31,0.004337951619706826
2022-11-01,0.0011592341466914945
2022-11-02,0.0004694983079270868
2022-11-03,-0.0023776624560761577
2022-11-04,0.0016774596618825562
2022-11-07,0.0019563039607391414
2022-11-09,0.00013960401817533042
2022-11-10,-0.0007625213498890894
2022-11-11,0.0048086339915134795
2022-11-14,-5.289170147684916e-05
2022-11-15,0.001596308362690686
2022-11-16,0.0005724339641841508
2022-11-17,-0.001124119110430005
2022-11-18,-0.00012933307177151853
2022-11-21,-0.00266143295803979
2022-11-22,0.0011148603111701466
2022-11-23,-9.94291131491842e-05
2022-11-24,0.00288938521184295
2022-11-25,0.0001334083236605313
2022-11-28,0.0008576111385826036
2022-11-29,0.0004999941888692039
2022-11-30,0.004157869178821215
2022-12-01,0.001222669354511079
2022-12-02,0.0001488964826235049
2022-12-05,0.0005687776478903214
2022-12-06,-0.0012437603386513023
2022-12-07,-0.00077256373513184
2022-12-08,0.0010389328848196089
2022-12-09,-0.0009888918526839868
2022-12-12,0.00019831327567348982
2022-12-13,0.0010404497799148624
2022-12-14,0.0014669480101616953
2022-12-15,-0.0036998239545786415
2022-12-16,-0.0012836006998805558
2022-12-19,0.0023318397461294764
2022-12-20,0.0004581830046389862
2022-12-21,-0.0015956290042688959
2022-12-22,-0.0007046220842636706
2022-12-23,-0.0037191506182763755
2022-12-26,0.002165106850755377
2022-12-27,0.0016519452389377755
2022-12-28,-0.0008854533527203902
2022-12-29,0.0008473777892635378
2022-12-30,0.002701125482281189
2023-01-02,0.001875675114175507
2023-01-03,0.0014787179770447824
2023-01-04,0.0010035930471748514
2023-01-05,-0.001545484334971644
2023-01-06,-0.001882567358399948
2023-01-09,0.0039027603817181093
2023-01-10,-0.0015282828859601453
2023-01-11,0.00018788456323913164
2023-01-12,-0.0004828081283203933
2023-01-13,0.001724758579425251
2023-01-16,0.0018401652474450087
2023-01-17,-0.0001669853794721176
2023-01-18,0.00032343140300775727
2023-01-19,-0.00157442614898359
2023-01-20,0.002049458567930894
2023-01-23,0.0018412666737787893
2023-01-24,0.0018949721175022742
2023-01-25,-0.006255209464871438
2023-01-27,-0.005165580998681878
2023-01-30,0.0007212837916696253
2023-01-31,-0.0011039200911207633
2023-02-01,0.00918359151194389
2023-02-02,0.014083471305477518
2023-02-03,-0.004226703021150251
2023-02-06,-0.0020697272472457685
2023-02-07,-8.524762941608131e-05
2023-02-08,0.0013102430541074132
2023-02-09,-0.00027927379974443487
2023-02-10,-0.002120953671994023
2023-02-13,-9.839558397465636e-05
2023-02-14,0.0007849311253202301
2023-02-15,-0.004146331427815557
2023-02-16,0.0001333551846265009
2023-02-17,-0.0015260871024701797
2023-02-20,0.002872791314509296
2023-02-21,-0.0007896713024360217
2023-02-22,-0.0006653757711858396
2023-02-23,-0.002007084228105604
2023-02-24,-0.000529945676635003
2023-02-27,-0.002285006517846078
2023-02-28,0.0027495855301417774
2023-03-01,0.002444906783548626
2023-03-02,0.00026888105718750164
2023-03-03,6.716355690606196e-05
2023-03-06,6.716875961339369e-05
2023-03-08,-0.004773252793668847
2023-03-09,-0.0003341372748166323
2023-03-10,-4.821452547240697e-05
2023-03-13,0.0034751973614860275
2023-03-14,0.00035451855523702146
2023-03-15,-0.0012337565748896414
2023-03-16,0.0029284866021229696
2023-03-17,0.0009851666019394247
2023-03-20,0.0034082376414102536
2023-03-21,-0.0006796224912343936
2023-03-22,-0.0012461179772211557
2023-03-23,0.0006220099129717556
2023-03-24,0.0009961521228205998
2023-03-27,-0.0014821861439524395
2023-03-28,-0.00019857575741343377
2023-03-29,0.0019070037487445583
2023-03-31,0.006666491544102747
2023-04-03,-0.0006909188080098329
2023-04-05,0.004847852870730251
2023-04-06,-0.0005716753895174916
2023-04-10,-0.0028394626919271493
2023-04-11,0.0011293292389273867
2023-04-12,0.001132229860898906
2023-04-13,0.0014518758164592989
2023-04-17,-0.001583759982512484
2023-04-18,-0.0011817743768275486
2023-04-19,-0.002650063177056759
2023-04-20,0.0034654293447453576
2023-04-21,-0.002306798432967137
2023-04-24,-0.00019966251437696545
2023-04-25,0.0003929338287877002
2023-04-26,0.0010707508447938552
2023-04-27,-7.289120125471591e-05
2023-04-28,0.0015085573950191144
2023-05-02,0.0003929513071119519
2023-05-03,0.004995845826930712
2023-05-04,0.002950365568229815
2023-05-05,-6.499134612669256e-05
2023-05-08,-0.0021454948873755133
2023-05-09,0.0013085227227048464
2023-05-10,0.0003844051120335214
2023-05-11,-0.0006080772362364515
2023-05-12,-0.0011115830236212137
2023-05-15,0.001734825732602351
2023-05-16,-0.001579282490687946
2023-05-17,-0.0020828490265939474
2023-05-18,-0.0005355620209450577
2023-05-19,-0.0006818017049591426
2023-05-22,0.002925002123702463
2023-05-23,-0.002561332420517307
2023-05-24,0.0013980653442256384
2023-05-25,-0.001356397547208285
2023-05-26,-0.00010435737864666661
2023-05-29,-0.00047448241775157414
2023-05-30,-9.537081616406143e-05
2023-05-31,0.0034085486458995565
2023-06-01,-0.0008105140078423987
2023-06-02,0.0017458033104793848
2023-06-05,-0.0027779774373512035
2023-06-06,0.0017501160361105125
2023-06-07,-6.136197025298392e-05
2023-06-08,-0.001660640252863395
2023-06-09,0.001089821242115691
2023-06-12,-3.926572816927654e-05
2023-06-13,0.00010744706418727476
2023-06-14,-0.0015203627831810703
2023-06-15,-0.0021613062572012533
2023-06-16,0.0028626082358017982
2023-06-19,-0.0008281690801436919
2023-06-20,-4.410211631095703e-05
2023-06-21,-0.0018732963845774471
2023-06-22,-0.0013749365431853864
2023-06-23,-0.0008310699356665133
2023-06-26,0.001270105525028378
2023-06-27,-0.0006123065869410128
2023-06-28,-0.0008523042347794237
2023-06-30,0.0027051056282779056
2023-07-03,0.00161415766895511
2023-07-04,0.0017951052527317229
2023-07-05,0.0005195933868414449
2023-07-06,-0.00012858902743091157
2023-07-07,0.0001625239682017562
2023-07-10,0.00010468450564640004
2023-07-11,0.0008642318818084666
2023-07-12,-0.0004397398099695881
2023-07-13,0.002183061638769534
2023-07-14,0.0007236750853968607
2023-07-17,-0.00012458485426812343
2023-07-18,0.000945499248165293
2023-07-19,0.0019907662806146354
2023-07-20,0.0006581848524930148
2023-07-21,-0.002688451219349973
2023-07-24,-0.00018165472568826694
2023-07-25,-0.0003326321824146037
2023-07-26,0.0015403719417199134
2023-07-27,0.00014117148642869788
2023-07-28,-0.0013073064413645663
2023-07-31,0.003408017556284317
2023-08-01,0.00010473016175424824
2023-08-02,-0.0005673175277097676
2023-08-03,-0.0010587057429807764
2023-08-04,0.0001534754226808924
2023-08-07,0.0001395109513137177
2023-08-08,0.000287765874372088
2023-08-09,-0.0007931339561521326
2023-08-10,-0.0009146216309511426
2023-08-11,-0.0007889644726383874
2023-08-14,-0.0001841061489053643
2023-08-16,0.000170497418783786
2023-08-17,-0.0016965400069972332
2023-08-18,-0.0004855509731823874
2023-08-21,-0.0001532854534144591
2023-08-22,0.001124062189491588
2023-08-23,-0.00033100595741279124
2023-08-24,0.0009614714810326014
2023-08-25,-0.000758744560070367
2023-08-28,-0.0005994590315207889
2023-08-29,0.0009994861731313478
2023-08-30,0.0018105795826285354
2023-08-31,0.0028541677888759783
2023-09-01,0.0005719018136476032
2023-09-04,0.0005788701311040139
2023-09-05,-0.0003306554974920573
2023-09-06,-0.00010791980953611532
2023-09-07,-0.0004054279427369252
2023-09-08,0.00043232313193469914
2023-09-11,0.00018982522985072414
2023-09-12,-0.0007072998041837499
2023-09-13,-0.0005188697999094897
2023-09-14,8.142192777805541e-05
2023-09-15,0.0014250910645761284
2023-09-18,0.0014628524337488345
2023-09-20,-0.0008738183045813011
2023-09-21,-0.0009347551302749754
2023-09-22,-0.00041957858041013823
2023-09-25,-6.283978732413718e-06
2023-09-26,-0.0010158129525867207
2023-09-27,-0.0014805019851877196
2023-09-28,-0.002147170847458095
2023-09-29,0.003018074131888444
2023-10-03,-0.0026284257961692167
2023-10-04,-0.0026466025879490008
2023-10-05,-0.00029156044806374757
2023-10-06,0.0009474413332171465
2023-10-09,0.0022286840974449942
2023-10-10,0.0007054805258973986
2023-10-11,0.0015409291605114296
2023-10-12,0.0010781562826623946
2023-10-13,0.0004003376883065556
2023-10-16,0.003800575857014366
2023-10-17,0.0004988066380963296
2023-10-18,0.00199151120581969
2023-10-19,0.0005182170034350305
2023-10-20,0.003148187055058017
2023-10-23,-0.0009089713290602809
2023-10-25,-0.0010408214130479534
2023-10-26,0.001363628018544608
2023-10-27,-0.00041437631892972263
2023-10-30,0.0020800781765216553
2023-10-31,0.003198988787093156
2023-11-01,-0.0016783348042058795
2023-11-02,0.0008034193950814559
2023-11-03,1.6534336392354227e-05
2023-11-06,0.00021612409037458926
2023-11-07,-0.0018946235325723966
2023-11-08,0.00028179685393322796
2023-11-09,-0.002358366692781166
2023-11-10,0.0018969376896495465
2023-11-13,-0.0018099005245924582
2023-11-15,0.003189961750576761
2023-11-16,-0.00011572124197715576
2023-11-17,0.0022087780180194104
2023-11-20,-0.001054123724746143
2023-11-21,0.0012844336151755
2023-11-22,0.0014719576985527843
2023-11-23,-0.0007381255407202473
2023-11-24,0.0006081361638420603
2023-11-28,0.0009507983013972561
2023-11-29,0.0041147079321650955
2023-11-30,0.003252424313249706
2023-12-01,0.0009906019975798193
2023-12-04,0.003035790966692718
2023-12-05,-0.003237432453227139
2023-12-06,-0.00031826152225621816
2023-12-07,0.0008626204897925786
2023-12-08,-0.0002641451784407984
2023-12-11,-0.004297209665236968
2023-12-12,-0.0010323211654051638
2023-12-13,-4.95487435382986e-05
2023-12-14,0.005302269507245909
2023-12-15,0.0006859732477094185
2023-12-18,-0.001606114131895757
2023-12-19,0.0005568794976334251
2023-12-20,0.0004466017409014135
2023-12-21,0.00038718315825272346
2023-12-22,0.001783799293194187
2023-12-26,0.0014779164967344803
2023-12-27,0.001295318461389239
2023-12-28,0.0012639808952535896
2023-12-29,0.0016220233133125389
2024-01-01,0.00039751878443544734
2024-01-02,0.0010863927926605497
2024-01-03,-0.0025656836888791135
2024-01-04,-0.0007995900554385786
2024-01-05,-0.0005864848992290358
2024-01-08,-0.0018246224240971182
2024-01-09,0.0008792894973879175
2024-01-10,-0.0003034912601010029
2024-01-11,-0.00030672385544938544
2024-01-12,0.0012756139159011675
2024-01-15,0.0016872465532257836
2024-01-16,-0.0010868909532578811
2024-01-17,-0.0040269946898322945
2024-01-18,-0.0012460525563685453
2024-01-19,0.002109204508152782
2024-01-23,-0.0022157834322131557
2024-01-24,0.0014679092327869966
2024-01-25,-0.0012225144324138455
2024-01-29,0.0031186806831339812
2024-01-30,-0.0007444910911463772
2024-01-31,0.0049519851101835505
2024-02-01,0.0001947702710487819
2024-02-02,0.0013092789140362181
2024-02-05,-0.0024057458437259528
2024-02-06,0.0007914910714519742
2024-02-07,0.0008828041246945411
2024-02-08,-0.0017517553371898626
2024-02-09,0.0003809372518038264
2024-02-12,-0.0018215278097990103
2024-02-13,0.0008192893477920401
2024-02-14,-0.0017396353435881371
2024-02-15,0.0006457596544214498
2024-02-16,0.0013530036987132433
2024-02-19,0.0014261174829139002
2024-02-20,0.00017163001454641115
2024-02-21,-0.0005577850544348257
2024-02-22,0.002702840049696199
2024-02-23,-0.0005081723690263122
2024-02-26,-0.0012530944358032426
2024-02-27,0.0015299164472564561
2024-02-28,-0.004835314829993036
2024-02-29,0.0027487550216398274
2024-03-01,0.006788206976476043
2024-03-04,0.0027231788251203828
2024-03-05,0.00019353474185652205
2024-03-06,0.0022972769716512647
2024-03-07,0.0014098495977764298
2024-03-11,-0.0020956600658270526
2024-03-12,-4.96456507579159e-05
2024-03-13,-0.006852415747658
2024-03-14,0.003304791116140521
2024-03-15,-0.0024311191570887116
2024-03-18,0.00026349775560635273
2024-03-19,-0.004246182999212436
2024-03-20,0.0005587257613442134
2024-03-21,0.004647525618760851
2024-03-22,0.0005682996949842275
2024-03-26,-0.001261747424670195
2024-03-27,0.0020930455951848658
2024-03-28,0.006301359274994388
2024-04-01,0.004893842077258728
2024-04-02,0.000282075478740712
2024-04-03,-0.00016127338220398737
2024-04-04,0.002015570205156881
2024-04-05,-0.00022059416544551195
2024-04-08,0.004366117436136697
2024-04-09,2.8816938011736728e-05
2024-04-10,0.0021001061700903836
2024-04-12,-0.0024987080584677785
2024-04-15,-0.0053624706111900546
2024-04-16,-0.0014143224170898886
2024-04-18,-0.0027121972598928364
2024-04-19,0.0031681460382264985
2024-04-22,0.002842133683063187
2024-04-23,-0.0013585315758376224
2024-04-24,0.0012670469316584368
2024-04-25,0.003232573230678159
2024-04-26,-0.0021010616439025662
2024-04-29,0.0040348822062352616
2024-04-30,0.000729525299434509
2024-05-02,0.0007383120218216623
2024-05-03,-0.0035896459954370213
2024-05-06,-0.0002838257175666798
2024-05-07,-0.0026033636613398393
2024-05-08,-0.00023798079927883978
2024-05-09,-0.006421801451689033
2024-05-10,0.003808328652025517
2024-05-13,-9.842446373642942e-05
2024-05-14,0.0021544268451278523
2024-05-15,0.000363883259384117
2024-05-16,0.0041208924142940515
2024-05-17,0.001082659762811192
2024-05-21,0.0020115376146574338
2024-05-22,0.0002566012472888899
2024-05-23,0.0005081577541782879
2024-05-24,-0.0016510776062433098
2024-05-27,6.586148925628689e-05
2024-05-28,-6.378644939770251e-05
2024-05-29,-0.0011711995613125875
2024-05-30,-0.009546197533792999
2024-05-31,0.005533410204156717
2024-06-03,0.010125976553254824
2024-06-04,-0.02931307714176115
2024-06-05,0.017490044322242413
2024-06-06,0.010826368914540424
2024-06-07,0.00028039198411283794
2024-06-10,-0.0030316145148796144
2024-06-11,0.0009041480240915896
2024-06-12,0.0008070955982530242
2024-06-13,0.0003878987931045099
2024-06-14,0.0003636398053303871
2024-06-18,-0.0003623140506972025
2024-06-19,0.0009517376019897798
2024-06-20,0.0012184077036410121
2024-06-21,0.0011723816518160173
2024-06-24,-0.0025239503394847867
2024-06-25,0.001304184877908338
2024-06-26,-0.00015333142968733935
2024-06-27,0.00044421364591649244
2024-06-28,0.0032432058269344466
2024-07-01,0.0003983998038413715
2024-07-02,0.0004330754802084572
2024-07-03,0.0018436616918909988
2024-07-04,0.0007231944236329269
2024-07-05,0.0006661187905033351
2024-07-08,0.00024102783679607617
2024-07-09,-3.044242609017518e-06
2024-07-10,-5.488763819819063e-05
2024-07-11,0.00036180814234720653
2024-07-12,0.0038719655748525143
2024-07-15,0.0015428742826529029
2024-07-16,0.0057834546223741795
2024-07-18,0.007564665208716823
2024-07-19,-0.008995627298558921
2024-07-22,-0.0037160112849170136
2024-07-23,-0.020333347313712648
2024-07-24,-0.0069429024602896865
2024-07-25,-0.002590407521589012
2024-07-26,0.01298476241613708
2024-07-29,-0.012956054354072207
2024-07-30,-0.004400947880828819
2024-07-31,0.004984823781645779
2024-08-01,0.005348630180871856
2024-08-02,0.0021312479780929696
2024-08-05,-0.007313969898724437
2024-08-06,-0.0006876594101062495
2024-08-07,0.0006567056959649006
2024-08-08,-0.0013490210396932816
2024-08-09,0.003017986657392584
2024-08-12,0.0008558497312804005
2024-08-13,-0.00017686688537130939
2024-08-14,0.0005892311124405974
2024-08-16,0.0019509680580761402
2024-08-19,0.0024976598880091594
2024-08-20,0.0015936460627403882
2024-08-21,-0.00035123280650769265
2024-08-22,0.0003424608270740498
2024-08-23,-0.0015747467305600054
2024-08-26,0.008674266118059222
2024-08-27,-0.0023594782617979006
2024-08-28,0.0006346673838478433
2024-08-29,0.0020031824520245285
2024-08-30,0.0019422565652544735
2024-09-02,-0.0008403518863708584
2024-09-03,0.00029771997262754404
2024-09-04,-0.0018519058715039604
2024-09-05,0.0016145936391272508
2024-09-06,-0.0013392489954149314
2024-09-09,-0.004309728108991931
2024-09-10,0.003698935951312411
2024-09-11,0.0012166211212579063
2024-09-12,0.007145609370729493
2024-09-13,0.009167804380975676
2024-09-16,0.004262649560419941
2024-09-17,-0.0019922594560513283
2024-09-18,-0.0015238330661734413
2024-09-19,0.005372250812623323
2024-09-20,0.008528788136722873
2024-09-23,0.005939287614976646
2024-09-24,0.0016605008542827147
2024-09-25,0.007133050478220957
2024-09-26,0.004478313213610948
2024-09-27,-0.003205833439726403
2024-09-30,-0.005392708420962211
2024-10-01,0.0001283155054627413
2024-10-03,-0.003740031730726891
2024-10-04,-0.0005361410019751825
2024-10-07,-0.0016751846071803612
2024-10-08,0.00030842825995651294
2024-10-09,-0.0012652323546273846
2024-10-10,6.614243294989317e-05
2024-10-11,0.0011654012327749156
2024-10-14,0.002033416559476504
2024-10-15,-0.0006993861598631108
2024-10-16,0.00098662455222491
2024-10-17,-0.0012314824819709303
2024-10-18,0.0024420564943017967
2024-10-21,0.001100426775979926
2024-10-22,-0.0018854865054409164
2024-10-23,0.0008464539302656552
2024-10-24,-0.0011967205494049973
2024-10-25,-0.0019793444346390067
2024-10-28,0.0017148052007639365
2024-10-29,0.002009394382159711
2024-10-30,0.0010277323584046106
2024-10-31,0.0017039473789835738
2024-11-01,0.0005679567379193642
2024-11-04,-0.00393258980433485
2024-11-05,0.0010591332084356692
2024-11-06,0.0006974670219723146
2024-11-07,-0.0047032192603449745
2024-11-08,0.001384709303946696
2024-11-11,-0.0013109076929116534
2024-11-12,-0.005598966301852195
2024-11-13,-0.0008417470520389271
2024-11-14,-0.0038678727398822918
2024-11-18,0.002429076863280532
2024-11-19,0.002483721159120952
2024-11-21,0.0011539868034442713
2024-11-22,0.005204280415800715
2024-11-25,-0.0005155340610585302
2024-11-26,-0.002627993806581803
2024-11-27,0.0019103805930169794
2024-11-28,-0.001862120373314479
2024-11-29,0.004316715067353829
2024-12-02,-0.000494255694978652
2024-12-03,0.0018010101462302898
2024-12-04,-6.728222074954768e-05
2024-12-05,0.0014933698284957525
2024-12-06,-0.0003549557385310066
2024-12-09,0.0004314757370338084
2024-12-10,0.0008950253083904154
2024-12-11,0.0011010722619791515
2024-12-12,0.0005971172183795148
2024-12-13,-0.0009229774129052445
2024-12-16,-0.0008920637240874684
2024-12-17,-0.002813045555767267
2024-12-18,-7.8734266317261e-05
2024-12-19,-0.0029199915001385576
2024-12-20,-0.0032736682618853966
2024-12-23,0.002631088447091325
2024-12-24,-0.0008882270065022419
2024-12-26,0.000948606027002176
2024-12-27,0.0008913376864173629
2024-12-30,-0.0015095786742430842
2024-12-31,0.0030550638201886043
2025-01-01,0.0012298322609677463
2025-01-02,0.0032330596784787037
2025-01-03,0.00011659743304664235
2025-01-06,-0.0033947559888280326
2025-01-07,0.0009461738172689763
2025-01-08,0.0007597457388375372
2025-01-09,-0.000266501313898483
2025-01-10,0.0007521638116827167
2025-01-13,-0.0012657824073440266
2025-01-14,2.4140069970888752e-05
2025-01-15,0.000766443290969585
2025-01-16,0.0013852856343794817
2025-01-17,-0.00047045265594847615
2025-01-20,0.0006779144090742739
2025-01-21,-0.0010329547058771753
2025-01-22,0.002393771082580947
2025-01-23,-0.00015291315147392923
2025-01-24,0.00014243302895192427
2025-01-27,-0.001779104659222332
2025-01-28,0.000524409730448164
2025-01-29,0.0019127692985066323
2025-01-30,0.0010641081612403952
2025-01-31,0.007366018558887494
2025-02-01,-0.0004653368021625726
2025-02-03,0.0008963913690032075
2025-02-04,0.003266213836974066
2025-02-05,0.00318175712970723
2025-02-06,-0.0008599104790763567
2025-02-07,-7.190638479790486e-06
2025-02-10,0.0011561157528502252
2025-02-11,-0.0030467762686478
2025-02-12,-0.0013015017498812533
2025-02-13,0.0008254140760256411
2025-02-14,0.00016880939208555696
2025-02-17,-0.0010885682795073572
2025-02-18,0.0006562689080944749
2025-02-19,0.0016039135225298343
2025-02-20,-0.0006583596944441732
2025-02-21,-0.0016149269069804005
2025-02-24,-0.0003221059931864346
2025-02-25,0.00029722355042612465
2025-02-27,-0.0019353541439146213
2025-02-28,-0.0017711150340791273
2025-03-03,0.0005483180134177928
2025-03-04,0.00216345173555713
2025-03-05,0.0012675884064272161
2025-03-06,0.00044912997412832893
2025-03-07,0.000776086885067703
2025-03-10,-0.0006423368694170434
2025-03-11,1.238921666245758e-05
2025-03-12,0.00039326613491886045
2025-03-13,0.0007031821857969235
2025-03-17,0.0022754014894062645
2025-03-18,0.0019485642086488034
2025-03-19,0.002057883256910857
2025-03-20,0.00219890355324454
2025-03-21,-0.0002700728335443468
2025-03-24,5.748642500410764e-06
2025-03-25,0.0005404197275305519
2025-03-26,-0.0011109244884385603
2025-03-27,0.001800304011039345
2025-03-28,0.0031591744424599227
2025-04-01,0.0029610760323283943
2025-04-02,0.00010854518880105708
2025-04-03,-0.0012708011224309163
2025-04-04,-0.003927470048744444
2025-04-07,-0.007176623870152419
2025-04-08,0.0022109184149949313
2025-04-09,0.001581245905049159
2025-04-11,0.008737378261118669
2025-04-15,0.003006980627412675
2025-04-16,0.0036166118202780816
2025-04-17,0.0033226904155320897
2025-04-21,0.0045691326854777215
2025-04-22,0.0034919206668598776
2025-04-23,-0.0032731601811438514
2025-04-24,-0.0003119799963998336
2025-04-25,-0.0021961008926273283
2025-04-28,0.000138894669673617
2025-04-29,0.001834624957129476
2025-04-30,0.0007885193394779305
2025-05-02,-0.0012067473949003316
2025-05-05,0.002923617706712924
2025-05-06,0.0040532363863953575
2025-05-07,-0.0012587159422301926
2025-05-08,-0.0014958388897078874
2025-05-09,-0.001969781635591406
2025-05-12,0.001022797696652004
2025-05-13,-0.00019269841504748102
2025-05-14,-0.0003170565915868569
2025-05-15,-0.00026745370930853635
2025-05-16,0.0009195419723895383
2025-05-19,0.00037932351193222934
2025-05-20,-0.0020212870354841856
2025-05-21,0.0030563464647272243
2025-05-22,-0.0009110300101190075
2025-05-23,0.0012108631651544138
2025-05-26,0.0014493622276425245
2025-05-27,-0.001546822560378465
2025-05-28,0.00029514840628936734
2025-05-29,-0.0009666772641445157
2025-05-30,0.002577710207271769
2025-06-02,0.0014172740487686365
2025-06-03,-0.0004938939401239391
2025-06-04,0.001082199958311132
2025-06-05,0.00158117773153882
2025-06-06,0.0009662349352487586
2025-06-09,-0.0004952897560891393
2025-06-10,0.00023390302389701407
2025-06-11,0.000712594738872238
2025-06-12,0.002166547256116287
2025-06-13,0.0069857342864948525
2025-06-16,0.00029398839573283855
2025-06-17,-0.0023690399041253955
2025-06-18,0.0008652069678107443
2025-06-19,-3.221005685122708e-05
2025-06-20,-0.0016758238099096154
2025-06-23,0.001510635526276313
2025-06-24,-0.0068216259898028165
2025-06-25,0.0009598992127542681
2025-06-26,0.0006440653522138398
2025-06-27,-0.005355215627507211
2025-06-30,0.0024633946887815837
2025-07-01,0.0045982552940520395
2025-07-02,7.311390798385496e-05
2025-07-03,-0.0005118438387838278
2025-07-04,-0.0003972932176566194
2025-07-07,-0.001531341052995291
2025-07-08,0.0011855368007164188
2025-07-09,-0.003274764808648566
2025-07-10,0.0026799488381307863
2025-07-11,0.001460503892074549
2025-07-14,0.002942472136862583
2025-07-15,-0.0006510815639647484
2025-07-16,-0.0013046548765479104
2025-07-17,-0.0010080707987115667
2025-07-18,0.0021266655581898084
2025-07-21,0.0019187681023782527
2025-07-22,0.0026178184670265173
2025-07-23,0.004373067787845878
2025-07-24,-0.006245119142429861
2025-07-25,-0.0012861151929747067
2025-07-28,-0.0006153974215456202
2025-07-29,-0.00021504188223277974
2025-07-30,0.002084163686868904
2025-07-31,0.0012569585907446675
2025-08-01,-0.0014620978739475082
2025-08-04,0.005678055887800168
2025-08-05,0.001422033864239864
2025-08-06,-0.0008573053676803276
2025-08-07,0.002099452224188653
2025-08-08,0.001244064076450434
2025-08-11,-0.004139372448158969
2025-08-12,-0.0012240280362846626
2025-08-13,0.0011332989819895331
2025-08-14,-0.00017551596156013073
2025-08-18,-0.0011113430411944752
2025-08-19,-0.001612737535162707
2025-08-20,-0.000810794663829622
2025-08-21,0.002029977962793121
2025-08-22,-0.00013882572622254063
2025-08-25,0.0038435649789848167
2025-08-26,-0.001731158789520052
2025-08-28,-0.000720982312531549
2025-08-29,0.0028974832499552333
2025-09-01,0.003227344688510747
2025-09-02,-0.0003354940376423692
2025-09-03,0.002735356373249174
2025-09-04,0.0011270099636567351
2025-09-05,0.003341520826311154
2025-09-08,0.009258041569530855
2025-09-09,0.0092960491520588
2025-09-10,4.167908923696784e-05
2025-09-11,-0.001245048471181165
2025-09-12,0.005920730315923401
2025-09-15,-0.002911624749233189
2025-09-16,0.011464655627566626
2025-09-17,-0.004906136254495753
2025-09-18,0.0037725908887951383
2025-09-19,-0.00355754127448776
2025-09-22,0.009705323597241751
2025-09-23,0.011862199444169302
2025-09-24,-0.0048669365953238515
2025-09-25,-0.004066880885441403
2025-09-26,-0.005268936996523782
2025-09-29,0.010018908020129724
2025-09-30,-0.000707851455675419
2025-10-01,0.01462144913873404
2025-10-03,-0.0023531177595926024
2025-10-06,0.015952072247360602
2025-10-07,0.003087896465886466
2025-10-08,0.010792230821283624
2025-10-09,0.0010140561756188855
2025-10-10,-0.0028550274838104774
2025-10-13,0.010461194716003487
2025-10-14,0.012444865645128575
2025-10-15,0.004073775763655275
2025-10-16,0.0047744966395842055
2025-10-17,0.01714300219909582
2025-10-20,-0.013781448547357952
2025-10-21,0.0034509533849079285
2025-10-23,-0.021555871214074224
2025-10-27,-0.007699905806495368
2025-10-28,-0.01962073964365009
2025-10-29,0.020553966811732927
2025-10-30,-0.0044016364729732695
2025-10-31,-0.0005422250387222233
2025-11-03,0.000846538007772667
2025-11-04,-0.004147495787542296
2025-11-06,0.0001307937771312575
2025-11-07,-0.0010403880864658414
2025-11-10,0.01157704350356569
2025-11-11,0.011056897770973774
2025-11-12,-0.00042296462595238634
2025-11-13,0.015211302299354506
2025-11-14,-0.008097812775695245
2025-11-17,-0.008788868003950207
2025-11-18,-0.0075344688310481295
2025-11-19,0.009904354356910696
2025-11-20,-0.0016183602666003639
2025-11-21,0.0005888616811949412
2025-11-24,-0.00043769651787864275
2025-11-25,0.005781342501594209
2025-11-26,0.009232498741552063
2025-11-27,-0.00022625201073421644
2025-11-28,-0.000904373315448125
2025-12-01,0.000833014986432255
2025-12-02,-0.0019070637866441956
2025-12-03,1.2073904104128834e-05
2025-12-04,0.0001537978102698747
2025-12-05,0.0019440288875582409
2025-12-08,-0.004580338609753273
2025-12-09,-0.005075468260030326
2025-12-10,-0.0014990073325594478
2025-12-11,0.00743511810672624
2025-12-12,0.016369398783075986
2025-12-15,0.0072611030492548455
2025-12-16,-0.010193638986899812
2025-12-17,0.0018092715838592434
2025-12-18,-0.0006620468580887076
2025-12-19,0.001897606520402004
2025-12-22,0.011862657233173344
2025-12-23,0.009549675101449858
2025-12-24,8.852785741550104e-05
2025-12-26,0.004540340305809705
2025-12-29,-0.008386596517979319
2025-12-30,-0.010210169253108274
2025-12-31,-0.0030757862673105934
2026-01-01,0.002547558099604948
2026-01-02,0.009926132023196114
2026-01-05,0.004938289602362913
2026-01-06,0.0001599704927672254
2026-01-07,-0.0018097883102670643
2026-01-08,-0.007252024065419558
2026-01-09,0.004398854083772611
2026-01-12,0.01871500186135981
2026-01-13,-0.002922069176108057
2026-01-14,0.0077117280376941206
2026-01-16,-0.0007751973002123766
2026-01-19,0.015787344076265218
2026-01-20,0.01899693475900171
2026-01-21,0.043562590870712986
2026-01-22,-0.046624231928060714
2026-01-23,0.011648808272711236
2026-01-27,0.02146687729786044
2026-01-28,0.02307246578656898
2026-01-29,0.049845519267548044
2026-01-30,-0.06642345237260028
2026-02-02,-0.06214489689215155
2026-02-03,0.006906851329752692
2026-02-04,0.0009184527570668313
2026-02-05,-0.0018475374282489123
2026-02-06,0.0005590965952745212
2026-02-09,0.002198053789178964
2026-02-10,0.0007959214637461282
2026-02-11,0.00023144276585558007
2026-02-12,-0.0016429317077121188
2026-02-13,-0.003968755837926212
2026-02-16,0.0024666213484947704
2026-02-17,0.00028459790767521644
2026-02-18,0.0010689116763003149
2026-02-19,-0.0038818415187164396
2026-02-20,0.0013665872805152398
2026-02-23,0.0018090830116006288
2026-02-24,-0.003145317682956449
2026-02-25,0.0006894790532512172
2026-02-26,6.190087402045437e-05
2026-02-27,-0.0035167628369058863
2026-03-02,-0.0030539471215320687
2026-03-04,-0.004817726661288375
2026-03-05,0.003244118716758815
2026-03-06,-0.00379994678896221
2026-03-09,-0.004963044980304139
2026-03-10,0.002881424716170563
2026-03-11,-0.004660233099605515
2026-03-12,-0.0027901533616857014
2026-03-13,-0.0061343505088320895
2026-03-16,0.0029361241298611076
2026-03-17,0.0022214354612963057
2026-03-18,0.002379723725046046
2026-03-19,-0.010000704182857973
2026-03-20,0.001378540597160696
2026-03-23,-0.008478083376817377
2026-03-24,0.005607378619948164
2026-03-25,0.005337636815480196
2026-03-27,-0.006190089287167673
2026-03-30,-0.005822005127118154
2026-04-01,0.004702321039611532
2026-04-02,0.00017227926620971525
2026-04-06,0.003445467747710933
2026-04-07,0.0018648205043502262
2026-04-08,0.011142576406251653
2026-04-09,-0.0027809834375897738
2026-04-10,0.0033776264237255606
2026-04-13,-0.002470969150000291
2026-04-15,0.004824414312846801
2026-04-16,-0.00036167542522500017
2026-04-17,0.001797360421461847
2026-04-20,0.00014509855076455264
2026-04-21,0.002528590848744778
2026-04-22,-0.0023522268117840495
2026-04-23,-0.002503519911398798
2026-04-24,-0.003304819518371071
2026-04-27,0.002380677964990302
2026-04-28,-0.0012985283834141288
2026-04-29,0.0020799961673301265
2026-04-30,-0.0019775037104654584
2026-05-04,-0.00048734762160992744
2026-05-05,-0.0008285386505626825
2026-05-06,0.004093693675252615
2026-05-07,0.00046531742528731353
2026-05-08,-0.0011974023809536403
2026-05-11,-0.003635778950127062
2026-05-12,-0.0015294247535506394
2026-05-13,0.007922807116278602
2026-05-14,0.0020003543147393103
2026-05-15,-0.0027389511617768726
2026-05-18,0.00034629453750452453
2026-05-19,0.0007431220377819312
2026-05-20,-0.0001650574980999689
2026-05-21,0.0005342190315289831
2026-05-22,0.00020565249109650365
2026-05-25,0.002184686442132951
2026-05-26,-0.0017637735198938573
2026-05-27,-0.0006123505233164593
2026-05-29,-0.0028960062767625265
2026-06-01,-0.0023732130043402928
2026-06-02,0.0019657901147963055
2026-06-03,-0.0016254367357584577
2026-06-04,0.000975859133398678
2026-06-05,-0.0010985084071655831
2026-06-08,-0.005541177380687102
2026-06-09,0.002191277183511877
2026-06-10,-0.004744267997196138
2026-06-11,-0.002447733148243916
2026-06-12,0.006265774866446031
2026-06-15,0.004033306340317386
2026-06-16,0.0009785753097765896
2026-06-17,0.00023743604945804502
2026-06-18,-0.0012039881485458046
2026-06-19,-0.0036183448936069488
2026-06-22,0.002111308672464483
2026-06-23,-0.004378745662998626
2026-06-24,-0.00014802094515672026
2026-06-25,-0.002735024880273317
2026-06-29,0.0009696239174460537
2026-06-30,-0.0011928635268951533
2026-07-01,-0.00013563633457845268
2026-07-02,0.004383368567157716
2026-07-03,0.004565963145256036
2026-07-06,-0.0004777402039030668
2026-07-07,-0.0015798066357303564
2026-07-08,-0.004776686300757924
2026-07-09,0.0029731298521363937
2026-07-10,0.00035221998469007944
2026-07-13,-0.002168296458433923
2026-07-14,-0.002335954155152905
2026-07-15,0.0008558939010033486
2026-07-16,0.00012839115031289388
2026-07-17,-0.00034808991946607326
2026-07-20,0.0016277434968507407
2026-07-21,0.0014690851664893108
2026-07-22,0.00192164357280745
2026-07-23,-0.0012662250009954777
2026-07-24,-0.0017789258858772004
2026-07-27,0.0021083009771459276
