,equity,bond,gold
2014-02-07,0.4445971068847331,2.4896042702898072e-20,0.5554028931152669
2014-02-10,0.4445971068847331,2.4896042702898072e-20,0.5554028931152669
2014-02-11,0.4445971068847331,2.4896042702898072e-20,0.5554028931152669
2014-02-12,0.4445971068847331,2.4896042702898072e-20,0.5554028931152669
2014-02-13,0.4445971068847331,2.4896042702898072e-20,0.5554028931152669
2014-02-14,0.4445971068847331,2.4896042702898072e-20,0.5554028931152669
2014-02-18,0.4445971068847331,2.4896042702898072e-20,0.5554028931152669
2014-02-19,0.4445971068847331,2.4896042702898072e-20,0.5554028931152669
2014-02-20,0.4445971068847331,2.4896042702898072e-20,0.5554028931152669
2014-02-21,0.4445971068847331,2.4896042702898072e-20,0.5554028931152669
2014-02-24,0.4445971068847331,2.4896042702898072e-20,0.5554028931152669
2014-02-25,0.4445971068847331,2.4896042702898072e-20,0.5554028931152669
2014-02-26,0.4445971068847331,2.4896042702898072e-20,0.5554028931152669
2014-02-28,0.4445971068847331,2.4896042702898072e-20,0.5554028931152669
2014-03-03,0.4445971068847331,2.4896042702898072e-20,0.5554028931152669
2014-03-04,0.4445971068847331,2.4896042702898072e-20,0.5554028931152669
2014-03-05,0.4445971068847331,2.4896042702898072e-20,0.5554028931152669
2014-03-06,0.11416078793094545,0.7,0.18583921206905463
2014-03-07,0.11416078793094545,0.7,0.18583921206905463
2014-03-10,0.11416078793094545,0.7,0.18583921206905463
2014-03-11,0.11416078793094545,0.7,0.18583921206905463
2014-03-12,0.11416078793094545,0.7,0.18583921206905463
2014-03-13,0.11416078793094545,0.7,0.18583921206905463
2014-03-14,0.11416078793094545,0.7,0.18583921206905463
2014-03-18,0.11416078793094545,0.7,0.18583921206905463
2014-03-19,0.11416078793094545,0.7,0.18583921206905463
2014-03-20,0.11416078793094545,0.7,0.18583921206905463
2014-03-21,0.11416078793094545,0.7,0.18583921206905463
2014-03-24,0.11416078793094545,0.7,0.18583921206905463
2014-03-25,0.11416078793094545,0.7,0.18583921206905463
2014-03-26,0.11416078793094545,0.7,0.18583921206905463
2014-03-27,0.11416078793094545,0.7,0.18583921206905463
2014-03-28,0.11416078793094545,0.7,0.18583921206905463
2014-03-31,0.11416078793094545,0.7,0.18583921206905463
2014-04-01,0.11416078793094545,0.7,0.18583921206905463
2014-04-02,0.11416078793094545,0.7,0.18583921206905463
2014-04-03,0.11416078793094545,0.7,0.18583921206905463
2014-04-04,0.18212697086054716,0.7,0.11787302913945284
2014-04-07,0.18212697086054716,0.7,0.11787302913945284
2014-04-09,0.18212697086054716,0.7,0.11787302913945284
2014-04-10,0.18212697086054716,0.7,0.11787302913945284
2014-04-11,0.18212697086054716,0.7,0.11787302913945284
2014-04-15,0.18212697086054716,0.7,0.11787302913945284
2014-04-16,0.18212697086054716,0.7,0.11787302913945284
2014-04-17,0.18212697086054716,0.7,0.11787302913945284
2014-04-21,0.18212697086054716,0.7,0.11787302913945284
2014-04-22,0.18212697086054716,0.7,0.11787302913945284
2014-04-23,0.18212697086054716,0.7,0.11787302913945284
2014-04-25,0.18212697086054716,0.7,0.11787302913945284
2014-04-28,0.18212697086054716,0.7,0.11787302913945284
2014-04-29,0.18212697086054716,0.7,0.11787302913945284
2014-04-30,0.18212697086054716,0.7,0.11787302913945284
2014-05-02,0.18212697086054716,0.7,0.11787302913945284
2014-05-05,0.18212697086054716,0.7,0.11787302913945284
2014-05-06,0.18212697086054716,0.7,0.11787302913945284
2014-05-07,0.18212697086054716,0.7,0.11787302913945284
2014-05-08,0.18212697086054716,0.7,0.11787302913945284
2014-05-09,0.11305799891520765,0.7,0.18694200108479242
2014-05-12,0.11305799891520765,0.7,0.18694200108479242
2014-05-13,0.11305799891520765,0.7,0.18694200108479242
2014-05-14,0.11305799891520765,0.7,0.18694200108479242
2014-05-15,0.11305799891520765,0.7,0.18694200108479242
2014-05-16,0.11305799891520765,0.7,0.18694200108479242
2014-05-19,0.17830098659736537,0.7,0.12169901340263467
2014-05-20,0.17830098659736537,0.7,0.12169901340263467
2014-05-21,0.17830098659736537,0.7,0.12169901340263467
2014-05-22,0.17830098659736537,0.7,0.12169901340263467
2014-05-23,0.17830098659736537,0.7,0.12169901340263467
2014-05-26,0.17830098659736537,0.7,0.12169901340263467
2014-05-27,0.17830098659736537,0.7,0.12169901340263467
2014-05-28,0.17830098659736537,0.7,0.12169901340263467
2014-05-29,0.17830098659736537,0.7,0.12169901340263467
2014-05-30,0.17830098659736537,0.7,0.12169901340263467
2014-06-02,0.17830098659736537,0.7,0.12169901340263467
2014-06-03,0.17830098659736537,0.7,0.12169901340263467
2014-06-04,0.17830098659736537,0.7,0.12169901340263467
2014-06-05,0.17830098659736537,0.7,0.12169901340263467
2014-06-06,0.17830098659736537,0.7,0.12169901340263467
2014-06-09,0.17830098659736537,0.7,0.12169901340263467
2014-06-10,0.17830098659736537,0.7,0.12169901340263467
2014-06-11,0.17830098659736537,0.7,0.12169901340263467
2014-06-12,0.17830098659736537,0.7,0.12169901340263467
2014-06-13,0.17830098659736537,0.7,0.12169901340263467
2014-06-16,0.17830098659736537,0.7,0.12169901340263467
2014-06-17,0.17830098659736537,0.7,0.12169901340263467
2014-06-18,0.17830098659736537,0.7,0.12169901340263467
2014-06-19,0.17830098659736537,0.7,0.12169901340263467
2014-06-20,0.17830098659736537,0.7,0.12169901340263467
2014-06-23,0.17830098659736537,0.7,0.12169901340263467
2014-06-24,0.17830098659736537,0.7,0.12169901340263467
2014-06-25,0.17830098659736537,0.7,0.12169901340263467
2014-06-26,0.17830098659736537,0.7,0.12169901340263467
2014-06-27,0.17830098659736537,0.7,0.12169901340263467
2014-06-30,0.17830098659736537,0.7,0.12169901340263467
2014-07-01,0.17830098659736537,0.7,0.12169901340263467
2014-07-02,0.17830098659736537,0.7,0.12169901340263467
2014-07-03,0.17830098659736537,0.7,0.12169901340263467
2014-07-04,0.17830098659736537,0.7,0.12169901340263467
2014-07-07,0.17830098659736537,0.7,0.12169901340263467
2014-07-08,0.17830098659736537,0.7,0.12169901340263467
2014-07-09,0.17830098659736537,0.7,0.12169901340263467
2014-07-10,0.17830098659736537,0.7,0.12169901340263467
2014-07-11,0.17830098659736537,0.7,0.12169901340263467
2014-07-14,0.17830098659736537,0.7,0.12169901340263467
2014-07-15,0.17830098659736537,0.7,0.12169901340263467
2014-07-16,0.17830098659736537,0.7,0.12169901340263467
2014-07-17,0.17830098659736537,0.7,0.12169901340263467
2014-07-18,0.17830098659736537,0.7,0.12169901340263467
2014-07-21,0.17830098659736537,0.7,0.12169901340263467
2014-07-22,0.17830098659736537,0.7,0.12169901340263467
2014-07-23,0.17830098659736537,0.7,0.12169901340263467
2014-07-24,0.17830098659736537,0.7,0.12169901340263467
2014-07-25,0.17830098659736537,0.7,0.12169901340263467
2014-07-28,0.17830098659736537,0.7,0.12169901340263467
2014-07-30,0.17830098659736537,0.7,0.12169901340263467
2014-07-31,0.17830098659736537,0.7,0.12169901340263467
2014-08-01,0.17830098659736537,0.7,0.12169901340263467
2014-08-04,0.17830098659736537,0.7,0.12169901340263467
2014-08-05,0.17830098659736537,0.7,0.12169901340263467
2014-08-06,0.17830098659736537,0.7,0.12169901340263467
2014-08-07,0.17830098659736537,0.7,0.12169901340263467
2014-08-08,0.17830098659736537,0.7,0.12169901340263467
2014-08-11,0.17830098659736537,0.7,0.12169901340263467
2014-08-12,0.17830098659736537,0.7,0.12169901340263467
2014-08-13,0.17830098659736537,0.7,0.12169901340263467
2014-08-14,0.17830098659736537,0.7,0.12169901340263467
2014-08-18,0.17830098659736537,0.7,0.12169901340263467
2014-08-19,0.17830098659736537,0.7,0.12169901340263467
2014-08-20,0.17830098659736537,0.7,0.12169901340263467
2014-08-21,0.17830098659736537,0.7,0.12169901340263467
2014-08-22,0.17830098659736537,0.7,0.12169901340263467
2014-08-25,0.17830098659736537,0.7,0.12169901340263467
2014-08-26,0.17830098659736537,0.7,0.12169901340263467
2014-08-27,0.17830098659736537,0.7,0.12169901340263467
2014-08-28,0.17830098659736537,0.7,0.12169901340263467
2014-09-01,0.17830098659736537,0.7,0.12169901340263467
2014-09-02,0.17830098659736537,0.7,0.12169901340263467
2014-09-03,0.17830098659736537,0.7,0.12169901340263467
2014-09-04,0.17830098659736537,0.7,0.12169901340263467
2014-09-05,0.17830098659736537,0.7,0.12169901340263467
2014-09-08,0.17830098659736537,0.7,0.12169901340263467
2014-09-09,0.17830098659736537,0.7,0.12169901340263467
2014-09-10,0.17830098659736537,0.7,0.12169901340263467
2014-09-11,0.17830098659736537,0.7,0.12169901340263467
2014-09-12,0.17830098659736537,0.7,0.12169901340263467
2014-09-15,0.17830098659736537,0.7,0.12169901340263467
2014-09-16,0.17830098659736537,0.7,0.12169901340263467
2014-09-17,0.17830098659736537,0.7,0.12169901340263467
2014-09-18,0.17830098659736537,0.7,0.12169901340263467
2014-09-19,0.17830098659736537,0.7,0.12169901340263467
2014-09-22,0.17830098659736537,0.7,0.12169901340263467
2014-09-23,0.17830098659736537,0.7,0.12169901340263467
2014-09-24,0.17830098659736537,0.7,0.12169901340263467
2014-09-25,0.17830098659736537,0.7,0.12169901340263467
2014-09-26,0.17830098659736537,0.7,0.12169901340263467
2014-09-29,0.17830098659736537,0.7,0.12169901340263467
2014-09-30,0.17830098659736537,0.7,0.12169901340263467
2014-10-01,0.17830098659736537,0.7,0.12169901340263467
2014-10-07,0.17830098659736537,0.7,0.12169901340263467
2014-10-08,0.17830098659736537,0.7,0.12169901340263467
2014-10-09,0.17830098659736537,0.7,0.12169901340263467
2014-10-10,0.17830098659736537,0.7,0.12169901340263467
2014-10-13,0.17830098659736537,0.7,0.12169901340263467
2014-10-14,0.17830098659736537,0.7,0.12169901340263467
2014-10-16,0.17830098659736537,0.7,0.12169901340263467
2014-10-17,0.17830098659736537,0.7,0.12169901340263467
2014-10-20,0.17830098659736537,0.7,0.12169901340263467
2014-10-21,0.17830098659736537,0.7,0.12169901340263467
2014-10-22,0.17830098659736537,0.7,0.12169901340263467
2014-10-27,0.17830098659736537,0.7,0.12169901340263467
2014-10-28,0.17830098659736537,0.7,0.12169901340263467
2014-10-29,0.17830098659736537,0.7,0.12169901340263467
2014-10-30,0.17830098659736537,0.7,0.12169901340263467
2014-10-31,0.17830098659736537,0.7,0.12169901340263467
2014-11-03,0.17830098659736537,0.7,0.12169901340263467
2014-11-05,0.17830098659736537,0.7,0.12169901340263467
2014-11-07,0.17830098659736537,0.7,0.12169901340263467
2014-11-10,0.17830098659736537,0.7,0.12169901340263467
2014-11-11,0.17830098659736537,0.7,0.12169901340263467
2014-11-12,0.17830098659736537,0.7,0.12169901340263467
2014-11-13,0.17830098659736537,0.7,0.12169901340263467
2014-11-14,0.17830098659736537,0.7,0.12169901340263467
2014-11-17,0.17830098659736537,0.7,0.12169901340263467
2014-11-18,0.17830098659736537,0.7,0.12169901340263467
2014-11-19,0.17830098659736537,0.7,0.12169901340263467
2014-11-20,0.17830098659736537,0.7,0.12169901340263467
2014-11-21,0.17830098659736537,0.7,0.12169901340263467
2014-11-24,0.17830098659736537,0.7,0.12169901340263467
2014-11-25,0.17830098659736537,0.7,0.12169901340263467
2014-11-26,0.17830098659736537,0.7,0.12169901340263467
2014-11-27,0.17830098659736537,0.7,0.12169901340263467
2014-11-28,0.17830098659736537,0.7,0.12169901340263467
2014-12-01,0.17830098659736537,0.7,0.12169901340263467
2014-12-02,0.17830098659736537,0.7,0.12169901340263467
2014-12-03,0.17830098659736537,0.7,0.12169901340263467
2014-12-04,0.17830098659736537,0.7,0.12169901340263467
2014-12-05,0.17830098659736537,0.7,0.12169901340263467
2014-12-08,0.17830098659736537,0.7,0.12169901340263467
2014-12-09,0.17830098659736537,0.7,0.12169901340263467
2014-12-10,0.17830098659736537,0.7,0.12169901340263467
2014-12-11,0.17830098659736537,0.7,0.12169901340263467
2014-12-12,0.17830098659736537,0.7,0.12169901340263467
2014-12-15,0.17830098659736537,0.7,0.12169901340263467
2014-12-16,0.17830098659736537,0.7,0.12169901340263467
2014-12-17,0.17830098659736537,0.7,0.12169901340263467
2014-12-18,0.17830098659736537,0.7,0.12169901340263467
2014-12-19,0.17830098659736537,0.7,0.12169901340263467
2014-12-22,0.17830098659736537,0.7,0.12169901340263467
2014-12-23,0.17830098659736537,0.7,0.12169901340263467
2014-12-24,0.17830098659736537,0.7,0.12169901340263467
2014-12-26,0.17830098659736537,0.7,0.12169901340263467
2014-12-29,0.17830098659736537,0.7,0.12169901340263467
2014-12-30,0.17830098659736537,0.7,0.12169901340263467
2014-12-31,0.17830098659736537,0.7,0.12169901340263467
2015-01-02,0.17830098659736537,0.7,0.12169901340263467
2015-01-05,0.17830098659736537,0.7,0.12169901340263467
2015-01-06,0.12850979097810755,0.7,0.1714902090218925
2015-01-07,0.12850979097810755,0.7,0.1714902090218925
2015-01-08,0.12850979097810755,0.7,0.1714902090218925
2015-01-09,0.12850979097810755,0.7,0.1714902090218925
2015-01-12,0.12850979097810755,0.7,0.1714902090218925
2015-01-13,0.12850979097810755,0.7,0.1714902090218925
2015-01-14,0.12850979097810755,0.7,0.1714902090218925
2015-01-15,0.12850979097810755,0.7,0.1714902090218925
2015-01-16,0.12850979097810755,0.7,0.1714902090218925
2015-01-19,0.12850979097810755,0.7,0.1714902090218925
2015-01-20,0.12850979097810755,0.7,0.1714902090218925
2015-01-21,0.12850979097810755,0.7,0.1714902090218925
2015-01-22,0.12850979097810755,0.7,0.1714902090218925
2015-01-23,0.12850979097810755,0.7,0.1714902090218925
2015-01-27,0.12850979097810755,0.7,0.1714902090218925
2015-01-28,0.12850979097810755,0.7,0.1714902090218925
2015-01-29,0.12850979097810755,0.7,0.1714902090218925
2015-01-30,0.12850979097810755,0.7,0.1714902090218925
2015-02-02,0.12850979097810755,0.7,0.1714902090218925
2015-02-03,0.12850979097810755,0.7,0.1714902090218925
2015-02-04,0.12850979097810755,0.7,0.1714902090218925
2015-02-05,0.12850979097810755,0.7,0.1714902090218925
2015-02-06,0.12850979097810755,0.7,0.1714902090218925
2015-02-09,0.12850979097810755,0.7,0.1714902090218925
2015-02-10,0.12850979097810755,0.7,0.1714902090218925
2015-02-11,0.12850979097810755,0.7,0.1714902090218925
2015-02-12,0.12850979097810755,0.7,0.1714902090218925
2015-02-13,0.12850979097810755,0.7,0.1714902090218925
2015-02-16,0.20711444127265194,0.7,0.09288555872734815
2015-02-18,0.20711444127265194,0.7,0.09288555872734815
2015-02-19,0.20711444127265194,0.7,0.09288555872734815
2015-02-20,0.20711444127265194,0.7,0.09288555872734815
2015-02-23,0.20711444127265194,0.7,0.09288555872734815
2015-02-24,0.20711444127265194,0.7,0.09288555872734815
2015-02-25,0.20711444127265194,0.7,0.09288555872734815
2015-02-26,0.20711444127265194,0.7,0.09288555872734815
2015-02-27,0.20711444127265194,0.7,0.09288555872734815
2015-03-02,0.20711444127265194,0.7,0.09288555872734815
2015-03-03,0.20711444127265194,0.7,0.09288555872734815
2015-03-04,0.20711444127265194,0.7,0.09288555872734815
2015-03-05,0.20711444127265194,0.7,0.09288555872734815
2015-03-09,0.12801461182610913,0.7,0.1719853881738909
2015-03-10,0.12801461182610913,0.7,0.1719853881738909
2015-03-11,0.12801461182610913,0.7,0.1719853881738909
2015-03-12,0.12801461182610913,0.7,0.1719853881738909
2015-03-13,0.12801461182610913,0.7,0.1719853881738909
2015-03-16,0.12801461182610913,0.7,0.1719853881738909
2015-03-17,0.12801461182610913,0.7,0.1719853881738909
2015-03-18,0.12801461182610913,0.7,0.1719853881738909
2015-03-19,0.12801461182610913,0.7,0.1719853881738909
2015-03-20,0.12801461182610913,0.7,0.1719853881738909
2015-03-23,0.12801461182610913,0.7,0.1719853881738909
2015-03-24,0.12801461182610913,0.7,0.1719853881738909
2015-03-25,0.12801461182610913,0.7,0.1719853881738909
2015-03-26,0.12801461182610913,0.7,0.1719853881738909
2015-03-27,0.12801461182610913,0.7,0.1719853881738909
2015-03-30,0.12801461182610913,0.7,0.1719853881738909
2015-03-31,0.12801461182610913,0.7,0.1719853881738909
2015-04-01,0.12801461182610913,0.7,0.1719853881738909
2015-04-06,0.12801461182610913,0.7,0.1719853881738909
2015-04-07,0.12801461182610913,0.7,0.1719853881738909
2015-04-08,0.12801461182610913,0.7,0.1719853881738909
2015-04-09,0.12801461182610913,0.7,0.1719853881738909
2015-04-10,0.12801461182610913,0.7,0.1719853881738909
2015-04-13,0.12801461182610913,0.7,0.1719853881738909
2015-04-16,0.12801461182610913,0.7,0.1719853881738909
2015-04-17,0.12801461182610913,0.7,0.1719853881738909
2015-04-20,0.12801461182610913,0.7,0.1719853881738909
2015-04-21,0.12801461182610913,0.7,0.1719853881738909
2015-04-22,0.12801461182610913,0.7,0.1719853881738909
2015-04-23,0.12801461182610913,0.7,0.1719853881738909
2015-04-24,0.12801461182610913,0.7,0.1719853881738909
2015-04-27,0.12801461182610913,0.7,0.1719853881738909
2015-04-28,0.12801461182610913,0.7,0.1719853881738909
2015-04-29,0.12801461182610913,0.7,0.1719853881738909
2015-04-30,0.12801461182610913,0.7,0.1719853881738909
2015-05-04,0.12801461182610913,0.7,0.1719853881738909
2015-05-05,0.12801461182610913,0.7,0.1719853881738909
2015-05-06,0.12801461182610913,0.7,0.1719853881738909
2015-05-07,0.12801461182610913,0.7,0.1719853881738909
2015-05-08,0.12801461182610913,0.7,0.1719853881738909
2015-05-11,0.11975681102293088,0.7,0.18024318897706917
2015-05-12,0.11975681102293088,0.7,0.18024318897706917
2015-05-13,0.11975681102293088,0.7,0.18024318897706917
2015-05-14,0.11975681102293088,0.7,0.18024318897706917
2015-05-15,0.11975681102293088,0.7,0.18024318897706917
2015-05-18,0.11975681102293088,0.7,0.18024318897706917
2015-05-19,0.11975681102293088,0.7,0.18024318897706917
2015-05-20,0.11975681102293088,0.7,0.18024318897706917
2015-05-21,0.11975681102293088,0.7,0.18024318897706917
2015-05-22,0.11975681102293088,0.7,0.18024318897706917
2015-05-25,0.11975681102293088,0.7,0.18024318897706917
2015-05-26,0.11975681102293088,0.7,0.18024318897706917
2015-05-27,0.11975681102293088,0.7,0.18024318897706917
2015-05-28,0.11975681102293088,0.7,0.18024318897706917
2015-05-29,0.11975681102293088,0.7,0.18024318897706917
2015-06-01,0.11975681102293088,0.7,0.18024318897706917
2015-06-02,0.11975681102293088,0.7,0.18024318897706917
2015-06-03,0.11975681102293088,0.7,0.18024318897706917
2015-06-04,0.10902862380780587,0.7,0.19097137619219418
2015-06-05,0.10902862380780587,0.7,0.19097137619219418
2015-06-08,0.10902862380780587,0.7,0.19097137619219418
2015-06-09,0.10902862380780587,0.7,0.19097137619219418
2015-06-10,0.10902862380780587,0.7,0.19097137619219418
2015-06-11,0.10902862380780587,0.7,0.19097137619219418
2015-06-12,0.10902862380780587,0.7,0.19097137619219418
2015-06-15,0.10902862380780587,0.7,0.19097137619219418
2015-06-16,0.10902862380780587,0.7,0.19097137619219418
2015-06-17,0.10902862380780587,0.7,0.19097137619219418
2015-06-18,0.10902862380780587,0.7,0.19097137619219418
2015-06-19,0.10902862380780587,0.7,0.19097137619219418
2015-06-22,0.10902862380780587,0.7,0.19097137619219418
2015-06-23,0.10902862380780587,0.7,0.19097137619219418
2015-06-24,0.10902862380780587,0.7,0.19097137619219418
2015-06-25,0.10902862380780587,0.7,0.19097137619219418
2015-06-26,0.10902862380780587,0.7,0.19097137619219418
2015-06-29,0.10902862380780587,0.7,0.19097137619219418
2015-06-30,0.10902862380780587,0.7,0.19097137619219418
2015-07-01,0.10902862380780587,0.7,0.19097137619219418
2015-07-02,0.10902862380780587,0.7,0.19097137619219418
2015-07-03,0.10902862380780587,0.7,0.19097137619219418
2015-07-06,0.10902862380780587,0.7,0.19097137619219418
2015-07-07,0.10902862380780587,0.7,0.19097137619219418
2015-07-08,0.10902862380780587,0.7,0.19097137619219418
2015-07-09,0.10902862380780587,0.7,0.19097137619219418
2015-07-10,0.10902862380780587,0.7,0.19097137619219418
2015-07-13,0.10902862380780587,0.7,0.19097137619219418
2015-07-14,0.10902862380780587,0.7,0.19097137619219418
2015-07-15,0.10902862380780587,0.7,0.19097137619219418
2015-07-16,0.10902862380780587,0.7,0.19097137619219418
2015-07-17,0.10902862380780587,0.7,0.19097137619219418
2015-07-20,0.10902862380780587,0.7,0.19097137619219418
2015-07-21,0.10902862380780587,0.7,0.19097137619219418
2015-07-22,0.10902862380780587,0.7,0.19097137619219418
2015-07-23,0.10902862380780587,0.7,0.19097137619219418
2015-07-24,0.10902862380780587,0.7,0.19097137619219418
2015-07-27,0.10902862380780587,0.7,0.19097137619219418
2015-07-28,0.10902862380780587,0.7,0.19097137619219418
2015-07-29,0.10902862380780587,0.7,0.19097137619219418
2015-07-30,0.10902862380780587,0.7,0.19097137619219418
2015-07-31,0.10902862380780587,0.7,0.19097137619219418
2015-08-03,0.10902862380780587,0.7,0.19097137619219418
2015-08-04,0.10902862380780587,0.7,0.19097137619219418
2015-08-05,0.10902862380780587,0.7,0.19097137619219418
2015-08-06,0.10902862380780587,0.7,0.19097137619219418
2015-08-07,0.10902862380780587,0.7,0.19097137619219418
2015-08-10,0.10902862380780587,0.7,0.19097137619219418
2015-08-11,0.10902862380780587,0.7,0.19097137619219418
2015-08-12,0.10902862380780587,0.7,0.19097137619219418
2015-08-13,0.10902862380780587,0.7,0.19097137619219418
2015-08-14,0.10902862380780587,0.7,0.19097137619219418
2015-08-17,0.10902862380780587,0.7,0.19097137619219418
2015-08-18,0.10902862380780587,0.7,0.19097137619219418
2015-08-19,0.10902862380780587,0.7,0.19097137619219418
2015-08-20,0.10902862380780587,0.7,0.19097137619219418
2015-08-21,0.10902862380780587,0.7,0.19097137619219418
2015-08-24,0.1021761514581507,0.7,0.19782384854184937
2015-08-25,0.1021761514581507,0.7,0.19782384854184937
2015-08-26,0.1021761514581507,0.7,0.19782384854184937
2015-08-27,0.1021761514581507,0.7,0.19782384854184937
2015-08-28,0.1021761514581507,0.7,0.19782384854184937
2015-08-31,0.1021761514581507,0.7,0.19782384854184937
2015-09-01,0.09509903695799289,0.7,0.2049009630420072
2015-09-02,0.09509903695799289,0.7,0.2049009630420072
2015-09-03,0.09509903695799289,0.7,0.2049009630420072
2015-09-04,0.09509903695799289,0.7,0.2049009630420072
2015-09-07,0.09509903695799289,0.7,0.2049009630420072
2015-09-08,0.09509903695799289,0.7,0.2049009630420072
2015-09-09,0.0956036016911904,0.7,0.20439639830880968
2015-09-10,0.0956036016911904,0.7,0.20439639830880968
2015-09-11,0.0956036016911904,0.7,0.20439639830880968
2015-09-14,0.0956036016911904,0.7,0.20439639830880968
2015-09-15,0.0956036016911904,0.7,0.20439639830880968
2015-09-16,0.0956036016911904,0.7,0.20439639830880968
2015-09-18,0.0956036016911904,0.7,0.20439639830880968
2015-09-21,0.0956036016911904,0.7,0.20439639830880968
2015-09-22,0.0956036016911904,0.7,0.20439639830880968
2015-09-23,0.0956036016911904,0.7,0.20439639830880968
2015-09-24,0.0956036016911904,0.7,0.20439639830880968
2015-09-28,0.0956036016911904,0.7,0.20439639830880968
2015-09-29,0.0956036016911904,0.7,0.20439639830880968
2015-09-30,0.0956036016911904,0.7,0.20439639830880968
2015-10-01,0.0956036016911904,0.7,0.20439639830880968
2015-10-05,0.0956036016911904,0.7,0.20439639830880968
2015-10-06,0.04249736591931706,0.7,0.257502634080683
2015-10-07,0.04249736591931706,0.7,0.257502634080683
2015-10-08,0.04249736591931706,0.7,0.257502634080683
2015-10-09,0.04249736591931706,0.7,0.257502634080683
2015-10-12,0.04249736591931706,0.7,0.257502634080683
2015-10-13,0.04249736591931706,0.7,0.257502634080683
2015-10-14,0.08535405888187982,0.7,0.21464594111812024
2015-10-15,0.08535405888187982,0.7,0.21464594111812024
2015-10-16,0.08535405888187982,0.7,0.21464594111812024
2015-10-19,0.08535405888187982,0.7,0.21464594111812024
2015-10-20,0.08535405888187982,0.7,0.21464594111812024
2015-10-21,0.08535405888187982,0.7,0.21464594111812024
2015-10-23,0.08535405888187982,0.7,0.21464594111812024
2015-10-26,0.08535405888187982,0.7,0.21464594111812024
2015-10-27,0.08535405888187982,0.7,0.21464594111812024
2015-10-28,0.08535405888187982,0.7,0.21464594111812024
2015-10-29,0.08535405888187982,0.7,0.21464594111812024
2015-10-30,0.08535405888187982,0.7,0.21464594111812024
2015-11-02,0.08535405888187982,0.7,0.21464594111812024
2015-11-03,0.08535405888187982,0.7,0.21464594111812024
2015-11-04,0.08535405888187982,0.7,0.21464594111812024
2015-11-05,0.08535405888187982,0.7,0.21464594111812024
2015-11-06,0.08535405888187982,0.7,0.21464594111812024
2015-11-09,0.08535405888187982,0.7,0.21464594111812024
2015-11-10,0.08535405888187982,0.7,0.21464594111812024
2015-11-13,0.08535405888187982,0.7,0.21464594111812024
2015-11-16,0.08535405888187982,0.7,0.21464594111812024
2015-11-17,0.08535405888187982,0.7,0.21464594111812024
2015-11-18,0.08535405888187982,0.7,0.21464594111812024
2015-11-19,0.08535405888187982,0.7,0.21464594111812024
2015-11-20,0.08535405888187982,0.7,0.21464594111812024
2015-11-23,0.08535405888187982,0.7,0.21464594111812024
2015-11-24,0.08535405888187982,0.7,0.21464594111812024
2015-11-26,0.08535405888187982,0.7,0.21464594111812024
2015-11-27,0.08535405888187982,0.7,0.21464594111812024
2015-11-30,0.08535405888187982,0.7,0.21464594111812024
2015-12-01,0.08535405888187982,0.7,0.21464594111812024
2015-12-02,0.08535405888187982,0.7,0.21464594111812024
2015-12-03,0.08535405888187982,0.7,0.21464594111812024
2015-12-04,0.08535405888187982,0.7,0.21464594111812024
2015-12-07,0.08535405888187982,0.7,0.21464594111812024
2015-12-08,0.08535405888187982,0.7,0.21464594111812024
2015-12-09,0.08535405888187982,0.7,0.21464594111812024
2015-12-10,0.08535405888187982,0.7,0.21464594111812024
2015-12-11,0.08535405888187982,0.7,0.21464594111812024
2015-12-14,0.08535405888187982,0.7,0.21464594111812024
2015-12-15,0.08535405888187982,0.7,0.21464594111812024
2015-12-16,0.08535405888187982,0.7,0.21464594111812024
2015-12-17,0.08535405888187982,0.7,0.21464594111812024
2015-12-18,0.08535405888187982,0.7,0.21464594111812024
2015-12-21,0.08535405888187982,0.7,0.21464594111812024
2015-12-22,0.08535405888187982,0.7,0.21464594111812024
2015-12-23,0.08535405888187982,0.7,0.21464594111812024
2015-12-24,0.08535405888187982,0.7,0.21464594111812024
2015-12-28,0.08535405888187982,0.7,0.21464594111812024
2015-12-29,0.08535405888187982,0.7,0.21464594111812024
2015-12-30,0.08535405888187982,0.7,0.21464594111812024
2015-12-31,0.08535405888187982,0.7,0.21464594111812024
2016-01-04,0.08535405888187982,0.7,0.21464594111812024
2016-01-05,0.08535405888187982,0.7,0.21464594111812024
2016-01-06,0.08535405888187982,0.7,0.21464594111812024
2016-01-07,0.09969253900296718,0.7,0.2003074609970329
2016-01-08,0.09969253900296718,0.7,0.2003074609970329
2016-01-11,0.09969253900296718,0.7,0.2003074609970329
2016-01-12,0.09969253900296718,0.7,0.2003074609970329
2016-01-13,0.09969253900296718,0.7,0.2003074609970329
2016-01-14,0.09969253900296718,0.7,0.2003074609970329
2016-01-15,0.09969253900296718,0.7,0.2003074609970329
2016-01-18,0.09969253900296718,0.7,0.2003074609970329
2016-01-19,0.09969253900296718,0.7,0.2003074609970329
2016-01-20,0.09969253900296718,0.7,0.2003074609970329
2016-01-21,0.09969253900296718,0.7,0.2003074609970329
2016-01-22,0.09969253900296718,0.7,0.2003074609970329
2016-01-25,0.09969253900296718,0.7,0.2003074609970329
2016-01-27,0.09969253900296718,0.7,0.2003074609970329
2016-01-28,0.09969253900296718,0.7,0.2003074609970329
2016-01-29,0.09969253900296718,0.7,0.2003074609970329
2016-02-01,0.09969253900296718,0.7,0.2003074609970329
2016-02-02,0.09969253900296718,0.7,0.2003074609970329
2016-02-03,0.09969253900296718,0.7,0.2003074609970329
2016-02-04,0.09969253900296718,0.7,0.2003074609970329
2016-02-05,0.09969253900296718,0.7,0.2003074609970329
2016-02-08,0.09969253900296718,0.7,0.2003074609970329
2016-02-09,0.09969253900296718,0.7,0.2003074609970329
2016-02-10,0.09969253900296718,0.7,0.2003074609970329
2016-02-11,0.09980110763156554,0.7,0.20019889236843455
2016-02-12,0.09980110763156554,0.7,0.20019889236843455
2016-02-15,0.09980110763156554,0.7,0.20019889236843455
2016-02-16,0.09980110763156554,0.7,0.20019889236843455
2016-02-17,0.09980110763156554,0.7,0.20019889236843455
2016-02-18,0.09980110763156554,0.7,0.20019889236843455
2016-02-19,0.09980110763156554,0.7,0.20019889236843455
2016-02-22,0.09980110763156554,0.7,0.20019889236843455
2016-02-23,0.09980110763156554,0.7,0.20019889236843455
2016-02-24,0.09980110763156554,0.7,0.20019889236843455
2016-02-25,0.09980110763156554,0.7,0.20019889236843455
2016-02-26,0.09980110763156554,0.7,0.20019889236843455
2016-02-29,0.09980110763156554,0.7,0.20019889236843455
2016-03-01,0.09980110763156554,0.7,0.20019889236843455
2016-03-02,0.09980110763156554,0.7,0.20019889236843455
2016-03-03,0.09980110763156554,0.7,0.20019889236843455
2016-03-04,0.09980110763156554,0.7,0.20019889236843455
2016-03-08,0.09980110763156554,0.7,0.20019889236843455
2016-03-09,0.09980110763156554,0.7,0.20019889236843455
2016-03-10,0.10468504069183665,0.7000000000000001,0.1953149593081634
2016-03-11,0.10468504069183665,0.7000000000000001,0.1953149593081634
2016-03-14,0.10468504069183665,0.7000000000000001,0.1953149593081634
2016-03-15,0.10468504069183665,0.7000000000000001,0.1953149593081634
2016-03-16,0.10468504069183665,0.7000000000000001,0.1953149593081634
2016-03-17,0.10468504069183665,0.7000000000000001,0.1953149593081634
2016-03-18,0.11418235348798828,0.7,0.1858176465120118
2016-03-21,0.11418235348798828,0.7,0.1858176465120118
2016-03-22,0.11418235348798828,0.7,0.1858176465120118
2016-03-23,0.11418235348798828,0.7,0.1858176465120118
2016-03-28,0.11418235348798828,0.7,0.1858176465120118
2016-03-29,0.11418235348798828,0.7,0.1858176465120118
2016-03-30,0.11418235348798828,0.7,0.1858176465120118
2016-03-31,0.11418235348798828,0.7,0.1858176465120118
2016-04-01,0.11418235348798828,0.7,0.1858176465120118
2016-04-04,0.11418235348798828,0.7,0.1858176465120118
2016-04-05,0.11418235348798828,0.7,0.1858176465120118
2016-04-06,0.11418235348798828,0.7,0.1858176465120118
2016-04-07,0.11418235348798828,0.7,0.1858176465120118
2016-04-08,0.11418235348798828,0.7,0.1858176465120118
2016-04-11,0.11418235348798828,0.7,0.1858176465120118
2016-04-12,0.11418235348798828,0.7,0.1858176465120118
2016-04-13,0.11418235348798828,0.7,0.1858176465120118
2016-04-18,0.11418235348798828,0.7,0.1858176465120118
2016-04-20,0.11418235348798828,0.7,0.1858176465120118
2016-04-21,0.11418235348798828,0.7,0.1858176465120118
2016-04-22,0.11418235348798828,0.7,0.1858176465120118
2016-04-25,0.11418235348798828,0.7,0.1858176465120118
2016-04-26,0.11418235348798828,0.7,0.1858176465120118
2016-04-27,0.11418235348798828,0.7,0.1858176465120118
2016-04-28,0.11418235348798828,0.7,0.1858176465120118
2016-04-29,0.11418235348798828,0.7,0.1858176465120118
2016-05-02,0.11418235348798828,0.7,0.1858176465120118
2016-05-03,0.11418235348798828,0.7,0.1858176465120118
2016-05-04,0.11418235348798828,0.7,0.1858176465120118
2016-05-05,0.11418235348798828,0.7,0.1858176465120118
2016-05-06,0.11418235348798828,0.7,0.1858176465120118
2016-05-09,0.11418235348798828,0.7,0.1858176465120118
2016-05-10,0.11442658377888258,0.7,0.18557341622111745
2016-05-11,0.11442658377888258,0.7,0.18557341622111745
2016-05-12,0.11442658377888258,0.7,0.18557341622111745
2016-05-13,0.11442658377888258,0.7,0.18557341622111745
2016-05-16,0.11442658377888258,0.7,0.18557341622111745
2016-05-17,0.11442658377888258,0.7,0.18557341622111745
2016-05-18,0.11442658377888258,0.7,0.18557341622111745
2016-05-19,0.11442658377888258,0.7,0.18557341622111745
2016-05-20,0.11442658377888258,0.7,0.18557341622111745
2016-05-23,0.11442658377888258,0.7,0.18557341622111745
2016-05-24,0.11442658377888258,0.7,0.18557341622111745
2016-05-25,0.11442658377888258,0.7,0.18557341622111745
2016-05-26,0.11442658377888258,0.7,0.18557341622111745
2016-05-27,0.11442658377888258,0.7,0.18557341622111745
2016-05-30,0.11442658377888258,0.7,0.18557341622111745
2016-05-31,0.11442658377888258,0.7,0.18557341622111745
2016-06-01,0.11442658377888258,0.7,0.18557341622111745
2016-06-02,0.11442658377888258,0.7,0.18557341622111745
2016-06-03,0.11442658377888258,0.7,0.18557341622111745
2016-06-06,0.11442658377888258,0.7,0.18557341622111745
2016-06-07,0.11442658377888258,0.7,0.18557341622111745
2016-06-08,0.11442658377888258,0.7,0.18557341622111745
2016-06-09,0.11442658377888258,0.7,0.18557341622111745
2016-06-10,0.11442658377888258,0.7,0.18557341622111745
2016-06-13,0.11442658377888258,0.7,0.18557341622111745
2016-06-14,0.11442658377888258,0.7,0.18557341622111745
2016-06-15,0.11442658377888258,0.7,0.18557341622111745
2016-06-16,0.11442658377888258,0.7,0.18557341622111745
2016-06-17,0.11442658377888258,0.7,0.18557341622111745
2016-06-20,0.11442658377888258,0.7,0.18557341622111745
2016-06-21,0.11442658377888258,0.7,0.18557341622111745
2016-06-22,0.11442658377888258,0.7,0.18557341622111745
2016-06-23,0.11442658377888258,0.7,0.18557341622111745
2016-06-24,0.11442658377888258,0.7,0.18557341622111745
2016-06-27,0.11442658377888258,0.7,0.18557341622111745
2016-06-28,0.11442658377888258,0.7,0.18557341622111745
2016-06-29,0.11442658377888258,0.7,0.18557341622111745
2016-06-30,0.11442658377888258,0.7,0.18557341622111745
2016-07-01,0.11442658377888258,0.7,0.18557341622111745
2016-07-04,0.11442658377888258,0.7,0.18557341622111745
2016-07-05,0.11442658377888258,0.7,0.18557341622111745
2016-07-07,0.11442658377888258,0.7,0.18557341622111745
2016-07-08,0.11442658377888258,0.7,0.18557341622111745
2016-07-11,0.11442658377888258,0.7,0.18557341622111745
2016-07-12,0.11442658377888258,0.7,0.18557341622111745
2016-07-13,0.11442658377888258,0.7,0.18557341622111745
2016-07-14,0.11442658377888258,0.7,0.18557341622111745
2016-07-15,0.11442658377888258,0.7,0.18557341622111745
2016-07-18,0.11442658377888258,0.7,0.18557341622111745
2016-07-19,0.11442658377888258,0.7,0.18557341622111745
2016-07-20,0.11442658377888258,0.7,0.18557341622111745
2016-07-21,0.11442658377888258,0.7,0.18557341622111745
2016-07-22,0.11442658377888258,0.7,0.18557341622111745
2016-07-25,0.11442658377888258,0.7,0.18557341622111745
2016-07-26,0.11442658377888258,0.7,0.18557341622111745
2016-07-27,0.11442658377888258,0.7,0.18557341622111745
2016-07-28,0.11442658377888258,0.7,0.18557341622111745
2016-07-29,0.11442658377888258,0.7,0.18557341622111745
2016-08-01,0.11442658377888258,0.7,0.18557341622111745
2016-08-02,0.11442658377888258,0.7,0.18557341622111745
2016-08-03,0.11442658377888258,0.7,0.18557341622111745
2016-08-04,0.11442658377888258,0.7,0.18557341622111745
2016-08-05,0.11442658377888258,0.7,0.18557341622111745
2016-08-08,0.11442658377888258,0.7,0.18557341622111745
2016-08-09,0.11442658377888258,0.7,0.18557341622111745
2016-08-10,0.11442658377888258,0.7,0.18557341622111745
2016-08-11,0.11442658377888258,0.7,0.18557341622111745
2016-08-16,0.11442658377888258,0.7,0.18557341622111745
2016-08-17,0.11442658377888258,0.7,0.18557341622111745
2016-08-18,0.11442658377888258,0.7,0.18557341622111745
2016-08-19,0.11442658377888258,0.7,0.18557341622111745
2016-08-22,0.11442658377888258,0.7,0.18557341622111745
2016-08-23,0.11442658377888258,0.7,0.18557341622111745
2016-08-24,0.11442658377888258,0.7,0.18557341622111745
2016-08-25,0.11442658377888258,0.7,0.18557341622111745
2016-08-26,0.11442658377888258,0.7,0.18557341622111745
2016-08-29,0.11442658377888258,0.7,0.18557341622111745
2016-08-30,0.11442658377888258,0.7,0.18557341622111745
2016-08-31,0.11442658377888258,0.7,0.18557341622111745
2016-09-01,0.11442658377888258,0.7,0.18557341622111745
2016-09-02,0.11442658377888258,0.7,0.18557341622111745
2016-09-06,0.11442658377888258,0.7,0.18557341622111745
2016-09-07,0.11442658377888258,0.7,0.18557341622111745
2016-09-08,0.11442658377888258,0.7,0.18557341622111745
2016-09-09,0.11442658377888258,0.7,0.18557341622111745
2016-09-12,0.11442658377888258,0.7,0.18557341622111745
2016-09-14,0.11442658377888258,0.7,0.18557341622111745
2016-09-15,0.11442658377888258,0.7,0.18557341622111745
2016-09-16,0.11442658377888258,0.7,0.18557341622111745
2016-09-19,0.11442658377888258,0.7,0.18557341622111745
2016-09-20,0.11442658377888258,0.7,0.18557341622111745
2016-09-21,0.11442658377888258,0.7,0.18557341622111745
2016-09-22,0.11442658377888258,0.7,0.18557341622111745
2016-09-23,0.11442658377888258,0.7,0.18557341622111745
2016-09-26,0.11442658377888258,0.7,0.18557341622111745
2016-09-27,0.11442658377888258,0.7,0.18557341622111745
2016-09-28,0.11442658377888258,0.7,0.18557341622111745
2016-09-29,0.11442658377888258,0.7,0.18557341622111745
2016-09-30,0.11442658377888258,0.7,0.18557341622111745
2016-10-03,0.11442658377888258,0.7,0.18557341622111745
2016-10-04,0.11442658377888258,0.7,0.18557341622111745
2016-10-05,0.11442658377888258,0.7,0.18557341622111745
2016-10-06,0.11442658377888258,0.7,0.18557341622111745
2016-10-07,0.11442658377888258,0.7,0.18557341622111745
2016-10-10,0.11442658377888258,0.7,0.18557341622111745
2016-10-13,0.11442658377888258,0.7,0.18557341622111745
2016-10-14,0.11442658377888258,0.7,0.18557341622111745
2016-10-17,0.11442658377888258,0.7,0.18557341622111745
2016-10-18,0.11442658377888258,0.7,0.18557341622111745
2016-10-19,0.11442658377888258,0.7,0.18557341622111745
2016-10-20,0.11442658377888258,0.7,0.18557341622111745
2016-10-21,0.11442658377888258,0.7,0.18557341622111745
2016-10-24,0.11442658377888258,0.7,0.18557341622111745
2016-10-25,0.11442658377888258,0.7,0.18557341622111745
2016-10-26,0.11442658377888258,0.7,0.18557341622111745
2016-10-27,0.11442658377888258,0.7,0.18557341622111745
2016-10-28,0.11442658377888258,0.7,0.18557341622111745
2016-11-01,0.11442658377888258,0.7,0.18557341622111745
2016-11-02,0.11442658377888258,0.7,0.18557341622111745
2016-11-03,0.11442658377888258,0.7,0.18557341622111745
2016-11-04,0.11442658377888258,0.7,0.18557341622111745
2016-11-07,0.11442658377888258,0.7,0.18557341622111745
2016-11-08,0.11442658377888258,0.7,0.18557341622111745
2016-11-09,0.11442658377888258,0.7,0.18557341622111745
2016-11-10,0.11442658377888258,0.7,0.18557341622111745
2016-11-11,0.14271457796718806,0.7,0.15728542203281198
2016-11-15,0.14271457796718806,0.7,0.15728542203281198
2016-11-16,0.14271457796718806,0.7,0.15728542203281198
2016-11-17,0.14271457796718806,0.7,0.15728542203281198
2016-11-18,0.14271457796718806,0.7,0.15728542203281198
2016-11-21,0.14271457796718806,0.7,0.15728542203281198
2016-11-22,0.14271457796718806,0.7,0.15728542203281198
2016-11-23,0.14271457796718806,0.7,0.15728542203281198
2016-11-24,0.14271457796718806,0.7,0.15728542203281198
2016-11-25,0.14271457796718806,0.7,0.15728542203281198
2016-11-28,0.14271457796718806,0.7,0.15728542203281198
2016-11-29,0.14271457796718806,0.7,0.15728542203281198
2016-11-30,0.14271457796718806,0.7,0.15728542203281198
2016-12-01,0.14271457796718806,0.7,0.15728542203281198
2016-12-02,0.14271457796718806,0.7,0.15728542203281198
2016-12-05,0.14271457796718806,0.7,0.15728542203281198
2016-12-06,0.14271457796718806,0.7,0.15728542203281198
2016-12-07,0.14271457796718806,0.7,0.15728542203281198
2016-12-08,0.14271457796718806,0.7,0.15728542203281198
2016-12-09,0.14271457796718806,0.7,0.15728542203281198
2016-12-12,0.14271457796718806,0.7,0.15728542203281198
2016-12-13,0.14271457796718806,0.7,0.15728542203281198
2016-12-14,0.14271457796718806,0.7,0.15728542203281198
2016-12-15,0.14271457796718806,0.7,0.15728542203281198
2016-12-16,0.14271457796718806,0.7,0.15728542203281198
2016-12-19,0.14271457796718806,0.7,0.15728542203281198
2016-12-20,0.1350047406672686,0.7000000000000001,0.16499525933273146
2016-12-21,0.1350047406672686,0.7000000000000001,0.16499525933273146
2016-12-22,0.1350047406672686,0.7000000000000001,0.16499525933273146
2016-12-23,0.1350047406672686,0.7000000000000001,0.16499525933273146
2016-12-26,0.1350047406672686,0.7000000000000001,0.16499525933273146
2016-12-27,0.1350047406672686,0.7000000000000001,0.16499525933273146
2016-12-28,0.1350047406672686,0.7000000000000001,0.16499525933273146
2016-12-29,0.1350047406672686,0.7000000000000001,0.16499525933273146
2016-12-30,0.1350047406672686,0.7000000000000001,0.16499525933273146
2017-01-02,0.1350047406672686,0.7000000000000001,0.16499525933273146
2017-01-03,0.1350047406672686,0.7000000000000001,0.16499525933273146
2017-01-04,0.1350047406672686,0.7000000000000001,0.16499525933273146
2017-01-05,0.1350047406672686,0.7000000000000001,0.16499525933273146
2017-01-06,0.1350047406672686,0.7000000000000001,0.16499525933273146
2017-01-09,0.1350047406672686,0.7000000000000001,0.16499525933273146
2017-01-10,0.1350047406672686,0.7000000000000001,0.16499525933273146
2017-01-11,0.1350047406672686,0.7000000000000001,0.16499525933273146
2017-01-12,0.1350047406672686,0.7000000000000001,0.16499525933273146
2017-01-13,0.1350047406672686,0.7000000000000001,0.16499525933273146
2017-01-16,0.1350047406672686,0.7000000000000001,0.16499525933273146
2017-01-17,0.1350047406672686,0.7000000000000001,0.16499525933273146
2017-01-18,0.1350047406672686,0.7000000000000001,0.16499525933273146
2017-01-19,0.1350047406672686,0.7000000000000001,0.16499525933273146
2017-01-20,0.1350047406672686,0.7000000000000001,0.16499525933273146
2017-01-23,0.1350047406672686,0.7000000000000001,0.16499525933273146
2017-01-24,0.1350047406672686,0.7000000000000001,0.16499525933273146
2017-01-25,0.1350047406672686,0.7000000000000001,0.16499525933273146
2017-01-27,0.1350047406672686,0.7000000000000001,0.16499525933273146
2017-01-30,0.1350047406672686,0.7000000000000001,0.16499525933273146
2017-01-31,0.1350047406672686,0.7000000000000001,0.16499525933273146
2017-02-01,0.1350047406672686,0.7000000000000001,0.16499525933273146
2017-02-02,0.1350047406672686,0.7000000000000001,0.16499525933273146
2017-02-03,0.1350047406672686,0.7000000000000001,0.16499525933273146
2017-02-06,0.1350047406672686,0.7000000000000001,0.16499525933273146
2017-02-07,0.1350047406672686,0.7000000000000001,0.16499525933273146
2017-02-08,0.1350047406672686,0.7000000000000001,0.16499525933273146
2017-02-09,0.1350047406672686,0.7000000000000001,0.16499525933273146
2017-02-10,0.1350047406672686,0.7000000000000001,0.16499525933273146
2017-02-13,0.1350047406672686,0.7000000000000001,0.16499525933273146
2017-02-14,0.1350047406672686,0.7000000000000001,0.16499525933273146
2017-02-15,0.1350047406672686,0.7000000000000001,0.16499525933273146
2017-02-16,0.1350047406672686,0.7000000000000001,0.16499525933273146
2017-02-17,0.1350047406672686,0.7000000000000001,0.16499525933273146
2017-02-20,0.1350047406672686,0.7000000000000001,0.16499525933273146
2017-02-21,0.1350047406672686,0.7000000000000001,0.16499525933273146
2017-02-22,0.1350047406672686,0.7000000000000001,0.16499525933273146
2017-02-23,0.1350047406672686,0.7000000000000001,0.16499525933273146
2017-02-27,0.1350047406672686,0.7000000000000001,0.16499525933273146
2017-02-28,0.1350047406672686,0.7000000000000001,0.16499525933273146
2017-03-01,0.1350047406672686,0.7000000000000001,0.16499525933273146
2017-03-02,0.1350047406672686,0.7000000000000001,0.16499525933273146
2017-03-03,0.1350047406672686,0.7000000000000001,0.16499525933273146
2017-03-06,0.1350047406672686,0.7000000000000001,0.16499525933273146
2017-03-07,0.1350047406672686,0.7000000000000001,0.16499525933273146
2017-03-08,0.1350047406672686,0.7000000000000001,0.16499525933273146
2017-03-09,0.1350047406672686,0.7000000000000001,0.16499525933273146
2017-03-10,0.1350047406672686,0.7000000000000001,0.16499525933273146
2017-03-14,0.1350047406672686,0.7000000000000001,0.16499525933273146
2017-03-15,0.1350047406672686,0.7000000000000001,0.16499525933273146
2017-03-16,0.1350047406672686,0.7000000000000001,0.16499525933273146
2017-03-17,0.1350047406672686,0.7000000000000001,0.16499525933273146
2017-03-20,0.1350047406672686,0.7000000000000001,0.16499525933273146
2017-03-21,0.1350047406672686,0.7000000000000001,0.16499525933273146
2017-03-22,0.1350047406672686,0.7000000000000001,0.16499525933273146
2017-03-23,0.1350047406672686,0.7000000000000001,0.16499525933273146
2017-03-24,0.1350047406672686,0.7000000000000001,0.16499525933273146
2017-03-27,0.1350047406672686,0.7000000000000001,0.16499525933273146
2017-03-28,0.1350047406672686,0.7000000000000001,0.16499525933273146
2017-03-29,0.1350047406672686,0.7000000000000001,0.16499525933273146
2017-03-30,0.1350047406672686,0.7000000000000001,0.16499525933273146
2017-03-31,0.1350047406672686,0.7000000000000001,0.16499525933273146
2017-04-03,0.1350047406672686,0.7000000000000001,0.16499525933273146
2017-04-05,0.1350047406672686,0.7000000000000001,0.16499525933273146
2017-04-06,0.1350047406672686,0.7000000000000001,0.16499525933273146
2017-04-07,0.1350047406672686,0.7000000000000001,0.16499525933273146
2017-04-10,0.1350047406672686,0.7000000000000001,0.16499525933273146
2017-04-11,0.1350047406672686,0.7000000000000001,0.16499525933273146
2017-04-12,0.1350047406672686,0.7000000000000001,0.16499525933273146
2017-04-13,0.1350047406672686,0.7000000000000001,0.16499525933273146
2017-04-17,0.1350047406672686,0.7000000000000001,0.16499525933273146
2017-04-18,0.1350047406672686,0.7000000000000001,0.16499525933273146
2017-04-19,0.1350047406672686,0.7000000000000001,0.16499525933273146
2017-04-20,0.1350047406672686,0.7000000000000001,0.16499525933273146
2017-04-21,0.1350047406672686,0.7000000000000001,0.16499525933273146
2017-04-24,0.1350047406672686,0.7000000000000001,0.16499525933273146
2017-04-25,0.1350047406672686,0.7000000000000001,0.16499525933273146
2017-04-26,0.1350047406672686,0.7000000000000001,0.16499525933273146
2017-04-27,0.1350047406672686,0.7000000000000001,0.16499525933273146
2017-04-28,0.1350047406672686,0.7000000000000001,0.16499525933273146
2017-05-02,0.1350047406672686,0.7000000000000001,0.16499525933273146
2017-05-03,0.1350047406672686,0.7000000000000001,0.16499525933273146
2017-05-04,0.1350047406672686,0.7000000000000001,0.16499525933273146
2017-05-05,0.1350047406672686,0.7000000000000001,0.16499525933273146
2017-05-08,0.1350047406672686,0.7000000000000001,0.16499525933273146
2017-05-09,0.1350047406672686,0.7000000000000001,0.16499525933273146
2017-05-10,0.1350047406672686,0.7000000000000001,0.16499525933273146
2017-05-11,0.1350047406672686,0.7000000000000001,0.16499525933273146
2017-05-12,0.1350047406672686,0.7000000000000001,0.16499525933273146
2017-05-15,0.1350047406672686,0.7000000000000001,0.16499525933273146
2017-05-16,0.1350047406672686,0.7000000000000001,0.16499525933273146
2017-05-17,0.1350047406672686,0.7000000000000001,0.16499525933273146
2017-05-18,0.1350047406672686,0.7000000000000001,0.16499525933273146
2017-05-19,0.1350047406672686,0.7000000000000001,0.16499525933273146
2017-05-22,0.1350047406672686,0.7000000000000001,0.16499525933273146
2017-05-23,0.1350047406672686,0.7000000000000001,0.16499525933273146
2017-05-24,0.1350047406672686,0.7000000000000001,0.16499525933273146
2017-05-25,0.1350047406672686,0.7000000000000001,0.16499525933273146
2017-05-26,0.1350047406672686,0.7000000000000001,0.16499525933273146
2017-05-29,0.1350047406672686,0.7000000000000001,0.16499525933273146
2017-05-30,0.1350047406672686,0.7000000000000001,0.16499525933273146
2017-05-31,0.1350047406672686,0.7000000000000001,0.16499525933273146
2017-06-01,0.1350047406672686,0.7000000000000001,0.16499525933273146
2017-06-02,0.1350047406672686,0.7000000000000001,0.16499525933273146
2017-06-05,0.1350047406672686,0.7000000000000001,0.16499525933273146
2017-06-06,0.1350047406672686,0.7000000000000001,0.16499525933273146
2017-06-07,0.1350047406672686,0.7000000000000001,0.16499525933273146
2017-06-08,0.1350047406672686,0.7000000000000001,0.16499525933273146
2017-06-09,0.1350047406672686,0.7000000000000001,0.16499525933273146
2017-06-12,0.1350047406672686,0.7000000000000001,0.16499525933273146
2017-06-13,0.1350047406672686,0.7000000000000001,0.16499525933273146
2017-06-14,0.1350047406672686,0.7000000000000001,0.16499525933273146
2017-06-15,0.1350047406672686,0.7000000000000001,0.16499525933273146
2017-06-16,0.1350047406672686,0.7000000000000001,0.16499525933273146
2017-06-19,0.1350047406672686,0.7000000000000001,0.16499525933273146
2017-06-20,0.1350047406672686,0.7000000000000001,0.16499525933273146
2017-06-21,0.1350047406672686,0.7000000000000001,0.16499525933273146
2017-06-22,0.1653195918499535,0.7,0.13468040815004653
2017-06-23,0.1653195918499535,0.7,0.13468040815004653
2017-06-27,0.1653195918499535,0.7,0.13468040815004653
2017-06-28,0.1653195918499535,0.7,0.13468040815004653
2017-06-29,0.1653195918499535,0.7,0.13468040815004653
2017-06-30,0.1653195918499535,0.7,0.13468040815004653
2017-07-03,0.3339414079844642,0.6129726715842118,0.053085920431324145
2017-07-04,0.3339414079844642,0.6129726715842118,0.053085920431324145
2017-07-05,0.3339414079844642,0.6129726715842118,0.053085920431324145
2017-07-06,0.3339414079844642,0.6129726715842118,0.053085920431324145
2017-07-07,0.3339414079844642,0.6129726715842118,0.053085920431324145
2017-07-10,0.3339414079844642,0.6129726715842118,0.053085920431324145
2017-07-11,0.3339414079844642,0.6129726715842118,0.053085920431324145
2017-07-12,0.3339414079844642,0.6129726715842118,0.053085920431324145
2017-07-13,0.3339414079844642,0.6129726715842118,0.053085920431324145
2017-07-14,0.3339414079844642,0.6129726715842118,0.053085920431324145
2017-07-17,0.3339414079844642,0.6129726715842118,0.053085920431324145
2017-07-18,0.3339414079844642,0.6129726715842118,0.053085920431324145
2017-07-19,0.3339414079844642,0.6129726715842118,0.053085920431324145
2017-07-20,0.3339414079844642,0.6129726715842118,0.053085920431324145
2017-07-21,0.3339414079844642,0.6129726715842118,0.053085920431324145
2017-07-24,0.3339414079844642,0.6129726715842118,0.053085920431324145
2017-07-25,0.3339414079844642,0.6129726715842118,0.053085920431324145
2017-07-26,0.3339414079844642,0.6129726715842118,0.053085920431324145
2017-07-27,0.3339414079844642,0.6129726715842118,0.053085920431324145
2017-07-28,0.3339414079844642,0.6129726715842118,0.053085920431324145
2017-07-31,0.3339414079844642,0.6129726715842118,0.053085920431324145
2017-08-01,0.3339414079844642,0.6129726715842118,0.053085920431324145
2017-08-02,0.3339414079844642,0.6129726715842118,0.053085920431324145
2017-08-03,0.3339414079844642,0.6129726715842118,0.053085920431324145
2017-08-04,0.3339414079844642,0.6129726715842118,0.053085920431324145
2017-08-07,0.3339414079844642,0.6129726715842118,0.053085920431324145
2017-08-08,0.3339414079844642,0.6129726715842118,0.053085920431324145
2017-08-09,0.3339414079844642,0.6129726715842118,0.053085920431324145
2017-08-10,0.3339414079844642,0.6129726715842118,0.053085920431324145
2017-08-11,0.3339414079844642,0.6129726715842118,0.053085920431324145
2017-08-14,0.3339414079844642,0.6129726715842118,0.053085920431324145
2017-08-16,0.3339414079844642,0.6129726715842118,0.053085920431324145
2017-08-17,0.3339414079844642,0.6129726715842118,0.053085920431324145
2017-08-18,0.3339414079844642,0.6129726715842118,0.053085920431324145
2017-08-21,0.3339414079844642,0.6129726715842118,0.053085920431324145
2017-08-22,0.3339414079844642,0.6129726715842118,0.053085920431324145
2017-08-23,0.3339414079844642,0.6129726715842118,0.053085920431324145
2017-08-24,0.3339414079844642,0.6129726715842118,0.053085920431324145
2017-08-28,0.3339414079844642,0.6129726715842118,0.053085920431324145
2017-08-29,0.3339414079844642,0.6129726715842118,0.053085920431324145
2017-08-30,0.3339414079844642,0.6129726715842118,0.053085920431324145
2017-08-31,0.3339414079844642,0.6129726715842118,0.053085920431324145
2017-09-01,0.3339414079844642,0.6129726715842118,0.053085920431324145
2017-09-04,0.3339414079844642,0.6129726715842118,0.053085920431324145
2017-09-05,0.3339414079844642,0.6129726715842118,0.053085920431324145
2017-09-06,0.3339414079844642,0.6129726715842118,0.053085920431324145
2017-09-07,0.3339414079844642,0.6129726715842118,0.053085920431324145
2017-09-08,0.3339414079844642,0.6129726715842118,0.053085920431324145
2017-09-11,0.3339414079844642,0.6129726715842118,0.053085920431324145
2017-09-12,0.3339414079844642,0.6129726715842118,0.053085920431324145
2017-09-13,0.3339414079844642,0.6129726715842118,0.053085920431324145
2017-09-14,0.3339414079844642,0.6129726715842118,0.053085920431324145
2017-09-15,0.3339414079844642,0.6129726715842118,0.053085920431324145
2017-09-18,0.3339414079844642,0.6129726715842118,0.053085920431324145
2017-09-19,0.3339414079844642,0.6129726715842118,0.053085920431324145
2017-09-20,0.3339414079844642,0.6129726715842118,0.053085920431324145
2017-09-21,0.3339414079844642,0.6129726715842118,0.053085920431324145
2017-09-22,0.16441889304113844,0.7,0.13558110695886158
2017-09-25,0.16441889304113844,0.7,0.13558110695886158
2017-09-26,0.16441889304113844,0.7,0.13558110695886158
2017-09-27,0.16441889304113844,0.7,0.13558110695886158
2017-09-28,0.16441889304113844,0.7,0.13558110695886158
2017-09-29,0.16441889304113844,0.7,0.13558110695886158
2017-10-03,0.3032920110074499,0.6217028335299244,0.07500515546262582
2017-10-04,0.3032920110074499,0.6217028335299244,0.07500515546262582
2017-10-05,0.3032920110074499,0.6217028335299244,0.07500515546262582
2017-10-06,0.3032920110074499,0.6217028335299244,0.07500515546262582
2017-10-09,0.3032920110074499,0.6217028335299244,0.07500515546262582
2017-10-10,0.3032920110074499,0.6217028335299244,0.07500515546262582
2017-10-11,0.3032920110074499,0.6217028335299244,0.07500515546262582
2017-10-12,0.3032920110074499,0.6217028335299244,0.07500515546262582
2017-10-13,0.3032920110074499,0.6217028335299244,0.07500515546262582
2017-10-16,0.3032920110074499,0.6217028335299244,0.07500515546262582
2017-10-17,0.3032920110074499,0.6217028335299244,0.07500515546262582
2017-10-18,0.3032920110074499,0.6217028335299244,0.07500515546262582
2017-10-19,0.3032920110074499,0.6217028335299244,0.07500515546262582
2017-10-23,0.3032920110074499,0.6217028335299244,0.07500515546262582
2017-10-24,0.3032920110074499,0.6217028335299244,0.07500515546262582
2017-10-25,0.3032920110074499,0.6217028335299244,0.07500515546262582
2017-10-26,0.3032920110074499,0.6217028335299244,0.07500515546262582
2017-10-27,0.3032920110074499,0.6217028335299244,0.07500515546262582
2017-10-30,0.3032920110074499,0.6217028335299244,0.07500515546262582
2017-10-31,0.3032920110074499,0.6217028335299244,0.07500515546262582
2017-11-01,0.3032920110074499,0.6217028335299244,0.07500515546262582
2017-11-02,0.3032920110074499,0.6217028335299244,0.07500515546262582
2017-11-03,0.3032920110074499,0.6217028335299244,0.07500515546262582
2017-11-06,0.3032920110074499,0.6217028335299244,0.07500515546262582
2017-11-07,0.3032920110074499,0.6217028335299244,0.07500515546262582
2017-11-08,0.3032920110074499,0.6217028335299244,0.07500515546262582
2017-11-09,0.3032920110074499,0.6217028335299244,0.07500515546262582
2017-11-10,0.3032920110074499,0.6217028335299244,0.07500515546262582
2017-11-13,0.3032920110074499,0.6217028335299244,0.07500515546262582
2017-11-14,0.3032920110074499,0.6217028335299244,0.07500515546262582
2017-11-15,0.3032920110074499,0.6217028335299244,0.07500515546262582
2017-11-16,0.3032920110074499,0.6217028335299244,0.07500515546262582
2017-11-17,0.3032920110074499,0.6217028335299244,0.07500515546262582
2017-11-20,0.3032920110074499,0.6217028335299244,0.07500515546262582
2017-11-21,0.3032920110074499,0.6217028335299244,0.07500515546262582
2017-11-22,0.3032920110074499,0.6217028335299244,0.07500515546262582
2017-11-23,0.3032920110074499,0.6217028335299244,0.07500515546262582
2017-11-24,0.3032920110074499,0.6217028335299244,0.07500515546262582
2017-11-27,0.3032920110074499,0.6217028335299244,0.07500515546262582
2017-11-28,0.3032920110074499,0.6217028335299244,0.07500515546262582
2017-11-29,0.3032920110074499,0.6217028335299244,0.07500515546262582
2017-11-30,0.3032920110074499,0.6217028335299244,0.07500515546262582
2017-12-01,0.3032920110074499,0.6217028335299244,0.07500515546262582
2017-12-04,0.3032920110074499,0.6217028335299244,0.07500515546262582
2017-12-05,0.3032920110074499,0.6217028335299244,0.07500515546262582
2017-12-06,0.3032920110074499,0.6217028335299244,0.07500515546262582
2017-12-07,0.3032920110074499,0.6217028335299244,0.07500515546262582
2017-12-08,0.3032920110074499,0.6217028335299244,0.07500515546262582
2017-12-11,0.3032920110074499,0.6217028335299244,0.07500515546262582
2017-12-12,0.3032920110074499,0.6217028335299244,0.07500515546262582
2017-12-13,0.3032920110074499,0.6217028335299244,0.07500515546262582
2017-12-14,0.3032920110074499,0.6217028335299244,0.07500515546262582
2017-12-15,0.3032920110074499,0.6217028335299244,0.07500515546262582
2017-12-18,0.3032920110074499,0.6217028335299244,0.07500515546262582
2017-12-19,0.3032920110074499,0.6217028335299244,0.07500515546262582
2017-12-20,0.3032920110074499,0.6217028335299244,0.07500515546262582
2017-12-21,0.3032920110074499,0.6217028335299244,0.07500515546262582
2017-12-22,0.14686319720021596,0.7,0.15313680279978412
2017-12-26,0.14686319720021596,0.7,0.15313680279978412
2017-12-27,0.14686319720021596,0.7,0.15313680279978412
2017-12-28,0.14686319720021596,0.7,0.15313680279978412
2017-12-29,0.14686319720021596,0.7,0.15313680279978412
2018-01-02,0.14686319720021596,0.7,0.15313680279978412
2018-01-03,0.3577107573478421,0.5019335146047676,0.14035572804739035
2018-01-04,0.3577107573478421,0.5019335146047676,0.14035572804739035
2018-01-05,0.3577107573478421,0.5019335146047676,0.14035572804739035
2018-01-08,0.3577107573478421,0.5019335146047676,0.14035572804739035
2018-01-09,0.3577107573478421,0.5019335146047676,0.14035572804739035
2018-01-10,0.3577107573478421,0.5019335146047676,0.14035572804739035
2018-01-11,0.3577107573478421,0.5019335146047676,0.14035572804739035
2018-01-12,0.3577107573478421,0.5019335146047676,0.14035572804739035
2018-01-15,0.3577107573478421,0.5019335146047676,0.14035572804739035
2018-01-16,0.3577107573478421,0.5019335146047676,0.14035572804739035
2018-01-17,0.3577107573478421,0.5019335146047676,0.14035572804739035
2018-01-18,0.3577107573478421,0.5019335146047676,0.14035572804739035
2018-01-19,0.3577107573478421,0.5019335146047676,0.14035572804739035
2018-01-22,0.3577107573478421,0.5019335146047676,0.14035572804739035
2018-01-23,0.3577107573478421,0.5019335146047676,0.14035572804739035
2018-01-24,0.3577107573478421,0.5019335146047676,0.14035572804739035
2018-01-25,0.3577107573478421,0.5019335146047676,0.14035572804739035
2018-01-29,0.3577107573478421,0.5019335146047676,0.14035572804739035
2018-01-30,0.3577107573478421,0.5019335146047676,0.14035572804739035
2018-01-31,0.3577107573478421,0.5019335146047676,0.14035572804739035
2018-02-01,0.3577107573478421,0.5019335146047676,0.14035572804739035
2018-02-02,0.14549242652616964,0.7,0.15450757347383035
2018-02-05,0.14549242652616964,0.7,0.15450757347383035
2018-02-06,0.14549242652616964,0.7,0.15450757347383035
2018-02-07,0.14549242652616964,0.7,0.15450757347383035
2018-02-08,0.14549242652616964,0.7,0.15450757347383035
2018-02-09,0.14549242652616964,0.7,0.15450757347383035
2018-02-12,0.14549242652616964,0.7,0.15450757347383035
2018-02-14,0.14549242652616964,0.7,0.15450757347383035
2018-02-15,0.14549242652616964,0.7,0.15450757347383035
2018-02-16,0.14549242652616964,0.7,0.15450757347383035
2018-02-19,0.14549242652616964,0.7,0.15450757347383035
2018-02-20,0.14549242652616964,0.7,0.15450757347383035
2018-02-21,0.14549242652616964,0.7,0.15450757347383035
2018-02-22,0.14549242652616964,0.7,0.15450757347383035
2018-02-23,0.14549242652616964,0.7,0.15450757347383035
2018-02-26,0.14549242652616964,0.7,0.15450757347383035
2018-02-27,0.14549242652616964,0.7,0.15450757347383035
2018-02-28,0.14549242652616964,0.7,0.15450757347383035
2018-03-01,0.14549242652616964,0.7,0.15450757347383035
2018-03-05,0.14549242652616964,0.7,0.15450757347383035
2018-03-06,0.14549242652616964,0.7,0.15450757347383035
2018-03-07,0.14549242652616964,0.7,0.15450757347383035
2018-03-08,0.14549242652616964,0.7,0.15450757347383035
2018-03-09,0.14549242652616964,0.7,0.15450757347383035
2018-03-12,0.14549242652616964,0.7,0.15450757347383035
2018-03-13,0.14549242652616964,0.7,0.15450757347383035
2018-03-14,0.14549242652616964,0.7,0.15450757347383035
2018-03-15,0.14549242652616964,0.7,0.15450757347383035
2018-03-16,0.14549242652616964,0.7,0.15450757347383035
2018-03-19,0.14549242652616964,0.7,0.15450757347383035
2018-03-20,0.14549242652616964,0.7,0.15450757347383035
2018-03-21,0.14549242652616964,0.7,0.15450757347383035
2018-03-22,0.14549242652616964,0.7,0.15450757347383035
2018-03-23,0.14549242652616964,0.7,0.15450757347383035
2018-03-26,0.14549242652616964,0.7,0.15450757347383035
2018-03-27,0.14549242652616964,0.7,0.15450757347383035
2018-03-28,0.14549242652616964,0.7,0.15450757347383035
2018-04-02,0.14549242652616964,0.7,0.15450757347383035
2018-04-03,0.14549242652616964,0.7,0.15450757347383035
2018-04-04,0.14549242652616964,0.7,0.15450757347383035
2018-04-05,0.14549242652616964,0.7,0.15450757347383035
2018-04-06,0.14549242652616964,0.7,0.15450757347383035
2018-04-09,0.14549242652616964,0.7,0.15450757347383035
2018-04-10,0.14549242652616964,0.7,0.15450757347383035
2018-04-11,0.14549242652616964,0.7,0.15450757347383035
2018-04-12,0.41015540476973245,3.089169685269255e-18,0.5898445952302677
2018-04-13,0.41015540476973245,3.089169685269255e-18,0.5898445952302677
2018-04-16,0.41015540476973245,3.089169685269255e-18,0.5898445952302677
2018-04-17,0.41015540476973245,3.089169685269255e-18,0.5898445952302677
2018-04-18,0.41015540476973245,3.089169685269255e-18,0.5898445952302677
2018-04-19,0.41015540476973245,3.089169685269255e-18,0.5898445952302677
2018-04-20,0.41015540476973245,3.089169685269255e-18,0.5898445952302677
2018-04-23,0.41015540476973245,3.089169685269255e-18,0.5898445952302677
2018-04-24,0.41015540476973245,3.089169685269255e-18,0.5898445952302677
2018-04-25,0.41015540476973245,3.089169685269255e-18,0.5898445952302677
2018-04-26,0.41015540476973245,3.089169685269255e-18,0.5898445952302677
2018-04-27,0.41015540476973245,3.089169685269255e-18,0.5898445952302677
2018-04-30,0.41015540476973245,3.089169685269255e-18,0.5898445952302677
2018-05-02,0.41015540476973245,3.089169685269255e-18,0.5898445952302677
2018-05-03,0.41015540476973245,3.089169685269255e-18,0.5898445952302677
2018-05-04,0.41015540476973245,3.089169685269255e-18,0.5898445952302677
2018-05-07,0.41015540476973245,3.089169685269255e-18,0.5898445952302677
2018-05-08,0.41015540476973245,3.089169685269255e-18,0.5898445952302677
2018-05-09,0.41015540476973245,3.089169685269255e-18,0.5898445952302677
2018-05-10,0.41015540476973245,3.089169685269255e-18,0.5898445952302677
2018-05-11,0.41015540476973245,3.089169685269255e-18,0.5898445952302677
2018-05-14,0.41015540476973245,3.089169685269255e-18,0.5898445952302677
2018-05-15,0.41015540476973245,3.089169685269255e-18,0.5898445952302677
2018-05-16,0.41015540476973245,3.089169685269255e-18,0.5898445952302677
2018-05-17,0.41015540476973245,3.089169685269255e-18,0.5898445952302677
2018-05-18,0.41015540476973245,3.089169685269255e-18,0.5898445952302677
2018-05-21,0.41015540476973245,3.089169685269255e-18,0.5898445952302677
2018-05-22,0.41015540476973245,3.089169685269255e-18,0.5898445952302677
2018-05-23,0.41015540476973245,3.089169685269255e-18,0.5898445952302677
2018-05-24,0.41015540476973245,3.089169685269255e-18,0.5898445952302677
2018-05-25,0.41015540476973245,3.089169685269255e-18,0.5898445952302677
2018-05-28,0.41015540476973245,3.089169685269255e-18,0.5898445952302677
2018-05-29,0.41015540476973245,3.089169685269255e-18,0.5898445952302677
2018-05-30,0.41015540476973245,3.089169685269255e-18,0.5898445952302677
2018-05-31,0.41015540476973245,3.089169685269255e-18,0.5898445952302677
2018-06-01,0.41015540476973245,3.089169685269255e-18,0.5898445952302677
2018-06-04,0.41015540476973245,3.089169685269255e-18,0.5898445952302677
2018-06-05,0.41015540476973245,3.089169685269255e-18,0.5898445952302677
2018-06-06,0.41015540476973245,3.089169685269255e-18,0.5898445952302677
2018-06-07,0.41015540476973245,3.089169685269255e-18,0.5898445952302677
2018-06-08,0.41015540476973245,3.089169685269255e-18,0.5898445952302677
2018-06-11,0.41015540476973245,3.089169685269255e-18,0.5898445952302677
2018-06-12,0.41015540476973245,3.089169685269255e-18,0.5898445952302677
2018-06-13,0.41015540476973245,3.089169685269255e-18,0.5898445952302677
2018-06-14,0.41015540476973245,3.089169685269255e-18,0.5898445952302677
2018-06-15,0.41015540476973245,3.089169685269255e-18,0.5898445952302677
2018-06-18,0.41015540476973245,3.089169685269255e-18,0.5898445952302677
2018-06-19,0.41015540476973245,3.089169685269255e-18,0.5898445952302677
2018-06-20,0.41015540476973245,3.089169685269255e-18,0.5898445952302677
2018-06-21,0.41015540476973245,3.089169685269255e-18,0.5898445952302677
2018-06-22,0.41015540476973245,3.089169685269255e-18,0.5898445952302677
2018-06-25,0.41015540476973245,3.089169685269255e-18,0.5898445952302677
2018-06-26,0.41015540476973245,3.089169685269255e-18,0.5898445952302677
2018-06-27,0.41015540476973245,3.089169685269255e-18,0.5898445952302677
2018-06-28,0.41015540476973245,3.089169685269255e-18,0.5898445952302677
2018-06-29,0.41015540476973245,3.089169685269255e-18,0.5898445952302677
2018-07-02,0.41015540476973245,3.089169685269255e-18,0.5898445952302677
2018-07-03,0.41015540476973245,3.089169685269255e-18,0.5898445952302677
2018-07-04,0.41015540476973245,3.089169685269255e-18,0.5898445952302677
2018-07-05,0.41015540476973245,3.089169685269255e-18,0.5898445952302677
2018-07-06,0.41015540476973245,3.089169685269255e-18,0.5898445952302677
2018-07-09,0.41015540476973245,3.089169685269255e-18,0.5898445952302677
2018-07-10,0.41015540476973245,3.089169685269255e-18,0.5898445952302677
2018-07-11,0.41015540476973245,3.089169685269255e-18,0.5898445952302677
2018-07-12,0.41015540476973245,3.089169685269255e-18,0.5898445952302677
2018-07-13,0.41015540476973245,3.089169685269255e-18,0.5898445952302677
2018-07-16,0.41015540476973245,3.089169685269255e-18,0.5898445952302677
2018-07-17,0.41015540476973245,3.089169685269255e-18,0.5898445952302677
2018-07-18,0.41015540476973245,3.089169685269255e-18,0.5898445952302677
2018-07-19,0.41015540476973245,3.089169685269255e-18,0.5898445952302677
2018-07-20,0.41015540476973245,3.089169685269255e-18,0.5898445952302677
2018-07-23,0.41015540476973245,3.089169685269255e-18,0.5898445952302677
2018-07-24,0.41015540476973245,3.089169685269255e-18,0.5898445952302677
2018-07-25,0.41015540476973245,3.089169685269255e-18,0.5898445952302677
2018-07-26,0.41015540476973245,3.089169685269255e-18,0.5898445952302677
2018-07-27,0.41015540476973245,3.089169685269255e-18,0.5898445952302677
2018-07-30,0.41015540476973245,3.089169685269255e-18,0.5898445952302677
2018-07-31,0.41015540476973245,3.089169685269255e-18,0.5898445952302677
2018-08-01,0.41015540476973245,3.089169685269255e-18,0.5898445952302677
2018-08-02,0.41015540476973245,3.089169685269255e-18,0.5898445952302677
2018-08-03,0.41015540476973245,3.089169685269255e-18,0.5898445952302677
2018-08-06,0.41015540476973245,3.089169685269255e-18,0.5898445952302677
2018-08-07,0.41015540476973245,3.089169685269255e-18,0.5898445952302677
2018-08-08,0.41015540476973245,3.089169685269255e-18,0.5898445952302677
2018-08-09,0.41015540476973245,3.089169685269255e-18,0.5898445952302677
2018-08-10,0.41015540476973245,3.089169685269255e-18,0.5898445952302677
2018-08-13,0.41015540476973245,3.089169685269255e-18,0.5898445952302677
2018-08-14,0.41015540476973245,3.089169685269255e-18,0.5898445952302677
2018-08-16,0.41015540476973245,3.089169685269255e-18,0.5898445952302677
2018-08-17,0.41015540476973245,3.089169685269255e-18,0.5898445952302677
2018-08-20,0.41015540476973245,3.089169685269255e-18,0.5898445952302677
2018-08-21,0.41015540476973245,3.089169685269255e-18,0.5898445952302677
2018-08-23,0.41015540476973245,3.089169685269255e-18,0.5898445952302677
2018-08-24,0.41015540476973245,3.089169685269255e-18,0.5898445952302677
2018-08-27,0.41015540476973245,3.089169685269255e-18,0.5898445952302677
2018-08-28,0.41015540476973245,3.089169685269255e-18,0.5898445952302677
2018-08-29,0.41015540476973245,3.089169685269255e-18,0.5898445952302677
2018-08-30,0.41015540476973245,3.089169685269255e-18,0.5898445952302677
2018-08-31,0.41015540476973245,3.089169685269255e-18,0.5898445952302677
2018-09-03,0.41015540476973245,3.089169685269255e-18,0.5898445952302677
2018-09-04,0.41015540476973245,3.089169685269255e-18,0.5898445952302677
2018-09-05,0.41015540476973245,3.089169685269255e-18,0.5898445952302677
2018-09-06,0.41015540476973245,3.089169685269255e-18,0.5898445952302677
2018-09-07,0.41015540476973245,3.089169685269255e-18,0.5898445952302677
2018-09-10,0.41015540476973245,3.089169685269255e-18,0.5898445952302677
2018-09-11,0.41015540476973245,3.089169685269255e-18,0.5898445952302677
2018-09-12,0.41015540476973245,3.089169685269255e-18,0.5898445952302677
2018-09-14,0.41015540476973245,3.089169685269255e-18,0.5898445952302677
2018-09-17,0.2701758665755994,0.39231743720492995,0.3375066962194706
2018-09-18,0.2701758665755994,0.39231743720492995,0.3375066962194706
2018-09-19,0.2701758665755994,0.39231743720492995,0.3375066962194706
2018-09-21,0.2701758665755994,0.39231743720492995,0.3375066962194706
2018-09-24,0.2701758665755994,0.39231743720492995,0.3375066962194706
2018-09-25,0.2701758665755994,0.39231743720492995,0.3375066962194706
2018-09-26,0.2701758665755994,0.39231743720492995,0.3375066962194706
2018-09-27,0.2701758665755994,0.39231743720492995,0.3375066962194706
2018-09-28,0.2701758665755994,0.39231743720492995,0.3375066962194706
2018-10-01,0.2701758665755994,0.39231743720492995,0.3375066962194706
2018-10-03,0.2701758665755994,0.39231743720492995,0.3375066962194706
2018-10-04,0.12562667104349734,0.7,0.17437332895650273
2018-10-05,0.12562667104349734,0.7,0.17437332895650273
2018-10-08,0.12562667104349734,0.7,0.17437332895650273
2018-10-09,0.12562667104349734,0.7,0.17437332895650273
2018-10-10,0.12562667104349734,0.7,0.17437332895650273
2018-10-11,0.12562667104349734,0.7,0.17437332895650273
2018-10-12,0.12562667104349734,0.7,0.17437332895650273
2018-10-15,0.12562667104349734,0.7,0.17437332895650273
2018-10-16,0.12562667104349734,0.7,0.17437332895650273
2018-10-17,0.12562667104349734,0.7,0.17437332895650273
2018-10-19,0.12562667104349734,0.7,0.17437332895650273
2018-10-22,0.12562667104349734,0.7,0.17437332895650273
2018-10-23,0.12562667104349734,0.7,0.17437332895650273
2018-10-24,0.12562667104349734,0.7,0.17437332895650273
2018-10-25,0.12562667104349734,0.7,0.17437332895650273
2018-10-26,0.12562667104349734,0.7,0.17437332895650273
2018-10-29,0.12562667104349734,0.7,0.17437332895650273
2018-10-30,0.12562667104349734,0.7,0.17437332895650273
2018-10-31,0.12562667104349734,0.7,0.17437332895650273
2018-11-01,0.12562667104349734,0.7,0.17437332895650273
2018-11-02,0.12562667104349734,0.7,0.17437332895650273
2018-11-05,0.12562667104349734,0.7,0.17437332895650273
2018-11-06,0.12562667104349734,0.7,0.17437332895650273
2018-11-07,0.12562667104349734,0.7,0.17437332895650273
2018-11-09,0.12562667104349734,0.7,0.17437332895650273
2018-11-12,0.12562667104349734,0.7,0.17437332895650273
2018-11-13,0.12562667104349734,0.7,0.17437332895650273
2018-11-14,0.09421692465587661,0.7,0.20578307534412343
2018-11-15,0.09421692465587661,0.7,0.20578307534412343
2018-11-16,0.09421692465587661,0.7,0.20578307534412343
2018-11-19,0.09421692465587661,0.7,0.20578307534412343
2018-11-20,0.09421692465587661,0.7,0.20578307534412343
2018-11-21,0.09421692465587661,0.7,0.20578307534412343
2018-11-22,0.09421692465587661,0.7,0.20578307534412343
2018-11-26,0.09421692465587661,0.7,0.20578307534412343
2018-11-27,0.09421692465587661,0.7,0.20578307534412343
2018-11-28,0.09421692465587661,0.7,0.20578307534412343
2018-11-29,0.09421692465587661,0.7,0.20578307534412343
2018-11-30,0.09421692465587661,0.7,0.20578307534412343
2018-12-03,0.09159837748422257,0.7,0.20840162251577748
2018-12-04,0.09159837748422257,0.7,0.20840162251577748
2018-12-05,0.09159837748422257,0.7,0.20840162251577748
2018-12-06,0.09159837748422257,0.7,0.20840162251577748
2018-12-07,0.09159837748422257,0.7,0.20840162251577748
2018-12-10,0.09159837748422257,0.7,0.20840162251577748
2018-12-11,0.10020264686713136,0.7,0.1997973531328687
2018-12-12,0.10020264686713136,0.7,0.1997973531328687
2018-12-13,0.10020264686713136,0.7,0.1997973531328687
2018-12-14,0.10020264686713136,0.7,0.1997973531328687
2018-12-17,0.10020264686713136,0.7,0.1997973531328687
2018-12-18,0.10020264686713136,0.7,0.1997973531328687
2018-12-19,0.10020264686713136,0.7,0.1997973531328687
2018-12-20,0.10020264686713136,0.7,0.1997973531328687
2018-12-21,0.10020264686713136,0.7,0.1997973531328687
2018-12-24,0.10020264686713136,0.7,0.1997973531328687
2018-12-26,0.10020264686713136,0.7,0.1997973531328687
2018-12-27,0.10020264686713136,0.7,0.1997973531328687
2018-12-28,0.10020264686713136,0.7,0.1997973531328687
2018-12-31,0.10020264686713136,0.7,0.1997973531328687
2019-01-02,0.10020264686713136,0.7,0.1997973531328687
2019-01-03,0.10020264686713136,0.7,0.1997973531328687
2019-01-04,0.10020264686713136,0.7,0.1997973531328687
2019-01-07,0.10020264686713136,0.7,0.1997973531328687
2019-01-08,0.10020264686713136,0.7,0.1997973531328687
2019-01-09,0.10020264686713136,0.7,0.1997973531328687
2019-01-10,0.04562257038898015,0.64090960778105,0.31346782182996996
2019-01-11,0.04562257038898015,0.64090960778105,0.31346782182996996
2019-01-14,0.04562257038898015,0.64090960778105,0.31346782182996996
2019-01-15,0.04562257038898015,0.64090960778105,0.31346782182996996
2019-01-16,0.04562257038898015,0.64090960778105,0.31346782182996996
2019-01-17,0.04562257038898015,0.64090960778105,0.31346782182996996
2019-01-18,0.04562257038898015,0.64090960778105,0.31346782182996996
2019-01-21,0.04562257038898015,0.64090960778105,0.31346782182996996
2019-01-22,0.04562257038898015,0.64090960778105,0.31346782182996996
2019-01-23,0.04562257038898015,0.64090960778105,0.31346782182996996
2019-01-24,0.04562257038898015,0.64090960778105,0.31346782182996996
2019-01-25,0.04562257038898015,0.64090960778105,0.31346782182996996
2019-01-28,0.04562257038898015,0.64090960778105,0.31346782182996996
2019-01-29,0.04562257038898015,0.64090960778105,0.31346782182996996
2019-01-30,0.04562257038898015,0.64090960778105,0.31346782182996996
2019-01-31,0.04562257038898015,0.64090960778105,0.31346782182996996
2019-02-01,0.04562257038898015,0.64090960778105,0.31346782182996996
2019-02-04,0.04562257038898015,0.64090960778105,0.31346782182996996
2019-02-05,0.04562257038898015,0.64090960778105,0.31346782182996996
2019-02-06,0.04562257038898015,0.64090960778105,0.31346782182996996
2019-02-07,0.04562257038898015,0.64090960778105,0.31346782182996996
2019-02-08,0.04562257038898015,0.64090960778105,0.31346782182996996
2019-02-11,0.04562257038898015,0.64090960778105,0.31346782182996996
2019-02-12,0.04562257038898015,0.64090960778105,0.31346782182996996
2019-02-14,0.04562257038898015,0.64090960778105,0.31346782182996996
2019-02-15,0.04562257038898015,0.64090960778105,0.31346782182996996
2019-02-18,0.04562257038898015,0.64090960778105,0.31346782182996996
2019-02-19,0.04562257038898015,0.64090960778105,0.31346782182996996
2019-02-20,0.04562257038898015,0.64090960778105,0.31346782182996996
2019-02-21,0.04562257038898015,0.64090960778105,0.31346782182996996
2019-02-22,0.04562257038898015,0.64090960778105,0.31346782182996996
2019-02-25,0.04562257038898015,0.64090960778105,0.31346782182996996
2019-02-26,0.04562257038898015,0.64090960778105,0.31346782182996996
2019-02-27,0.04562257038898015,0.64090960778105,0.31346782182996996
2019-02-28,0.04562257038898015,0.64090960778105,0.31346782182996996
2019-03-01,0.04562257038898015,0.64090960778105,0.31346782182996996
2019-03-05,0.04562257038898015,0.64090960778105,0.31346782182996996
2019-03-06,0.04562257038898015,0.64090960778105,0.31346782182996996
2019-03-07,0.04562257038898015,0.64090960778105,0.31346782182996996
2019-03-08,0.04562257038898015,0.64090960778105,0.31346782182996996
2019-03-11,0.04562257038898015,0.64090960778105,0.31346782182996996
2019-03-12,0.04562257038898015,0.64090960778105,0.31346782182996996
2019-03-13,0.04562257038898015,0.64090960778105,0.31346782182996996
2019-03-14,0.04562257038898015,0.64090960778105,0.31346782182996996
2019-03-15,0.04562257038898015,0.64090960778105,0.31346782182996996
2019-03-18,0.04562257038898015,0.64090960778105,0.31346782182996996
2019-03-19,0.04562257038898015,0.64090960778105,0.31346782182996996
2019-03-20,0.04562257038898015,0.64090960778105,0.31346782182996996
2019-03-22,0.04562257038898015,0.64090960778105,0.31346782182996996
2019-03-25,0.04562257038898015,0.64090960778105,0.31346782182996996
2019-03-26,0.04562257038898015,0.64090960778105,0.31346782182996996
2019-03-27,0.04562257038898015,0.64090960778105,0.31346782182996996
2019-03-28,0.04562257038898015,0.64090960778105,0.31346782182996996
2019-04-01,0.04562257038898015,0.64090960778105,0.31346782182996996
2019-04-02,0.04562257038898015,0.64090960778105,0.31346782182996996
2019-04-03,0.04562257038898015,0.64090960778105,0.31346782182996996
2019-04-04,0.04562257038898015,0.64090960778105,0.31346782182996996
2019-04-05,0.04562257038898015,0.64090960778105,0.31346782182996996
2019-04-08,0.04562257038898015,0.64090960778105,0.31346782182996996
2019-04-09,0.10960957821189743,0.7,0.1903904217881026
2019-04-10,0.10960957821189743,0.7,0.1903904217881026
2019-04-11,0.10960957821189743,0.7,0.1903904217881026
2019-04-12,0.10960957821189743,0.7,0.1903904217881026
2019-04-15,0.10960957821189743,0.7,0.1903904217881026
2019-04-16,0.10960957821189743,0.7,0.1903904217881026
2019-04-18,0.3256454934925885,0.5344339224154356,0.13992058409197594
2019-04-22,0.3256454934925885,0.5344339224154356,0.13992058409197594
2019-04-23,0.3256454934925885,0.5344339224154356,0.13992058409197594
2019-04-24,0.3256454934925885,0.5344339224154356,0.13992058409197594
2019-04-25,0.3256454934925885,0.5344339224154356,0.13992058409197594
2019-04-26,0.3256454934925885,0.5344339224154356,0.13992058409197594
2019-04-30,0.3256454934925885,0.5344339224154356,0.13992058409197594
2019-05-02,0.3256454934925885,0.5344339224154356,0.13992058409197594
2019-05-03,0.3256454934925885,0.5344339224154356,0.13992058409197594
2019-05-06,0.3256454934925885,0.5344339224154356,0.13992058409197594
2019-05-07,0.3256454934925885,0.5344339224154356,0.13992058409197594
2019-05-08,0.11367101419043942,0.7,0.18632898580956067
2019-05-09,0.11367101419043942,0.7,0.18632898580956067
2019-05-10,0.11367101419043942,0.7,0.18632898580956067
2019-05-13,0.11367101419043942,0.7,0.18632898580956067
2019-05-14,0.11367101419043942,0.7,0.18632898580956067
2019-05-15,0.11367101419043942,0.7,0.18632898580956067
2019-05-16,0.11367101419043942,0.7,0.18632898580956067
2019-05-17,0.11367101419043942,0.7,0.18632898580956067
2019-05-20,0.11825570249076896,0.7,0.1817442975092311
2019-05-21,0.11825570249076896,0.7,0.1817442975092311
2019-05-22,0.11825570249076896,0.7,0.1817442975092311
2019-05-23,0.11825570249076896,0.7,0.1817442975092311
2019-05-24,0.11825570249076896,0.7,0.1817442975092311
2019-05-27,0.11825570249076896,0.7,0.1817442975092311
2019-05-28,0.11825570249076896,0.7,0.1817442975092311
2019-05-29,0.11825570249076896,0.7,0.1817442975092311
2019-05-30,0.11825570249076896,0.7,0.1817442975092311
2019-05-31,0.11825570249076896,0.7,0.1817442975092311
2019-06-03,0.11825570249076896,0.7,0.1817442975092311
2019-06-04,0.11825570249076896,0.7,0.1817442975092311
2019-06-06,0.11825570249076896,0.7,0.1817442975092311
2019-06-07,0.11825570249076896,0.7,0.1817442975092311
2019-06-10,0.11825570249076896,0.7,0.1817442975092311
2019-06-11,0.11397686289990566,0.7000000000000001,0.18602313710009438
2019-06-12,0.11397686289990566,0.7000000000000001,0.18602313710009438
2019-06-13,0.11397686289990566,0.7000000000000001,0.18602313710009438
2019-06-14,0.11397686289990566,0.7000000000000001,0.18602313710009438
2019-06-17,0.11397686289990566,0.7000000000000001,0.18602313710009438
2019-06-18,0.11397686289990566,0.7000000000000001,0.18602313710009438
2019-06-19,0.11397686289990566,0.7000000000000001,0.18602313710009438
2019-06-20,0.11397686289990566,0.7000000000000001,0.18602313710009438
2019-06-21,0.11397686289990566,0.7000000000000001,0.18602313710009438
2019-06-24,0.11397686289990566,0.7000000000000001,0.18602313710009438
2019-06-25,0.11397686289990566,0.7000000000000001,0.18602313710009438
2019-06-26,0.4123110231238864,2.1237147193753656e-19,0.5876889768761137
2019-06-27,0.4123110231238864,2.1237147193753656e-19,0.5876889768761137
2019-06-28,0.4123110231238864,2.1237147193753656e-19,0.5876889768761137
2019-07-01,0.4123110231238864,2.1237147193753656e-19,0.5876889768761137
2019-07-02,0.4123110231238864,2.1237147193753656e-19,0.5876889768761137
2019-07-03,0.4123110231238864,2.1237147193753656e-19,0.5876889768761137
2019-07-04,0.4123110231238864,2.1237147193753656e-19,0.5876889768761137
2019-07-05,0.4123110231238864,2.1237147193753656e-19,0.5876889768761137
2019-07-08,0.1334141031886743,0.7,0.1665858968113258
2019-07-09,0.1334141031886743,0.7,0.1665858968113258
2019-07-10,0.1334141031886743,0.7,0.1665858968113258
2019-07-11,0.1334141031886743,0.7,0.1665858968113258
2019-07-12,0.1334141031886743,0.7,0.1665858968113258
2019-07-15,0.1334141031886743,0.7,0.1665858968113258
2019-07-16,0.1334141031886743,0.7,0.1665858968113258
2019-07-17,0.1334141031886743,0.7,0.1665858968113258
2019-07-18,0.1334141031886743,0.7,0.1665858968113258
2019-07-19,0.1334141031886743,0.7,0.1665858968113258
2019-07-22,0.1334141031886743,0.7,0.1665858968113258
2019-07-23,0.1334141031886743,0.7,0.1665858968113258
2019-07-24,0.1334141031886743,0.7,0.1665858968113258
2019-07-25,0.1334141031886743,0.7,0.1665858968113258
2019-07-26,0.1334141031886743,0.7,0.1665858968113258
2019-07-29,0.1334141031886743,0.7,0.1665858968113258
2019-07-30,0.1334141031886743,0.7,0.1665858968113258
2019-07-31,0.1334141031886743,0.7,0.1665858968113258
2019-08-01,0.1334141031886743,0.7,0.1665858968113258
2019-08-02,0.1334141031886743,0.7,0.1665858968113258
2019-08-05,0.1334141031886743,0.7,0.1665858968113258
2019-08-06,0.1334141031886743,0.7,0.1665858968113258
2019-08-07,0.1334141031886743,0.7,0.1665858968113258
2019-08-08,0.1334141031886743,0.7,0.1665858968113258
2019-08-09,0.1334141031886743,0.7,0.1665858968113258
2019-08-13,0.1334141031886743,0.7,0.1665858968113258
2019-08-14,0.1334141031886743,0.7,0.1665858968113258
2019-08-16,0.1334141031886743,0.7,0.1665858968113258
2019-08-19,0.1334141031886743,0.7,0.1665858968113258
2019-08-20,0.1334141031886743,0.7,0.1665858968113258
2019-08-21,0.1334141031886743,0.7,0.1665858968113258
2019-08-22,0.1334141031886743,0.7,0.1665858968113258
2019-08-23,0.1334141031886743,0.7,0.1665858968113258
2019-08-26,0.1334141031886743,0.7,0.1665858968113258
2019-08-27,0.1334141031886743,0.7,0.1665858968113258
2019-08-28,0.1334141031886743,0.7,0.1665858968113258
2019-08-29,0.1334141031886743,0.7,0.1665858968113258
2019-08-30,0.1334141031886743,0.7,0.1665858968113258
2019-09-03,0.1334141031886743,0.7,0.1665858968113258
2019-09-04,0.1334141031886743,0.7,0.1665858968113258
2019-09-05,0.1334141031886743,0.7,0.1665858968113258
2019-09-06,0.1334141031886743,0.7,0.1665858968113258
2019-09-09,0.1334141031886743,0.7,0.1665858968113258
2019-09-11,0.1334141031886743,0.7,0.1665858968113258
2019-09-12,0.1334141031886743,0.7,0.1665858968113258
2019-09-13,0.1334141031886743,0.7,0.1665858968113258
2019-09-16,0.1334141031886743,0.7,0.1665858968113258
2019-09-17,0.1334141031886743,0.7,0.1665858968113258
2019-09-18,0.1334141031886743,0.7,0.1665858968113258
2019-09-19,0.1334141031886743,0.7,0.1665858968113258
2019-09-20,0.14628559362223323,0.7,0.15371440637776682
2019-09-23,0.14628559362223323,0.7,0.15371440637776682
2019-09-24,0.14628559362223323,0.7,0.15371440637776682
2019-09-25,0.14628559362223323,0.7,0.15371440637776682
2019-09-26,0.14628559362223323,0.7,0.15371440637776682
2019-09-27,0.14628559362223323,0.7,0.15371440637776682
2019-09-30,0.14628559362223323,0.7,0.15371440637776682
2019-10-01,0.14628559362223323,0.7,0.15371440637776682
2019-10-03,0.14628559362223323,0.7,0.15371440637776682
2019-10-04,0.14628559362223323,0.7,0.15371440637776682
2019-10-07,0.14628559362223323,0.7,0.15371440637776682
2019-10-09,0.14628559362223323,0.7,0.15371440637776682
2019-10-10,0.14628559362223323,0.7,0.15371440637776682
2019-10-11,0.14628559362223323,0.7,0.15371440637776682
2019-10-14,0.14628559362223323,0.7,0.15371440637776682
2019-10-15,0.14628559362223323,0.7,0.15371440637776682
2019-10-16,0.14628559362223323,0.7,0.15371440637776682
2019-10-17,0.12822541802397447,0.7,0.17177458197602558
2019-10-18,0.12822541802397447,0.7,0.17177458197602558
2019-10-22,0.12822541802397447,0.7,0.17177458197602558
2019-10-23,0.12822541802397447,0.7,0.17177458197602558
2019-10-24,0.12822541802397447,0.7,0.17177458197602558
2019-10-25,0.12822541802397447,0.7,0.17177458197602558
2019-10-29,0.12822541802397447,0.7,0.17177458197602558
2019-10-30,0.12822541802397447,0.7,0.17177458197602558
2019-10-31,0.12822541802397447,0.7,0.17177458197602558
2019-11-01,0.12822541802397447,0.7,0.17177458197602558
2019-11-04,0.12822541802397447,0.7,0.17177458197602558
2019-11-05,0.07538391933734043,0.5746965345881699,0.3499195460744896
2019-11-06,0.07538391933734043,0.5746965345881699,0.3499195460744896
2019-11-07,0.07538391933734043,0.5746965345881699,0.3499195460744896
2019-11-08,0.07538391933734043,0.5746965345881699,0.3499195460744896
2019-11-11,0.07538391933734043,0.5746965345881699,0.3499195460744896
2019-11-13,0.07538391933734043,0.5746965345881699,0.3499195460744896
2019-11-14,0.07538391933734043,0.5746965345881699,0.3499195460744896
2019-11-15,0.07538391933734043,0.5746965345881699,0.3499195460744896
2019-11-18,0.07538391933734043,0.5746965345881699,0.3499195460744896
2019-11-19,0.07538391933734043,0.5746965345881699,0.3499195460744896
2019-11-20,0.07538391933734043,0.5746965345881699,0.3499195460744896
2019-11-21,0.07538391933734043,0.5746965345881699,0.3499195460744896
2019-11-22,0.07538391933734043,0.5746965345881699,0.3499195460744896
2019-11-25,0.07538391933734043,0.5746965345881699,0.3499195460744896
2019-11-26,0.07538391933734043,0.5746965345881699,0.3499195460744896
2019-11-27,0.07538391933734043,0.5746965345881699,0.3499195460744896
2019-11-28,0.07538391933734043,0.5746965345881699,0.3499195460744896
2019-11-29,0.07538391933734043,0.5746965345881699,0.3499195460744896
2019-12-02,0.07538391933734043,0.5746965345881699,0.3499195460744896
2019-12-03,0.07538391933734043,0.5746965345881699,0.3499195460744896
2019-12-04,0.07538391933734043,0.5746965345881699,0.3499195460744896
2019-12-05,0.07538391933734043,0.5746965345881699,0.3499195460744896
2019-12-06,0.07538391933734043,0.5746965345881699,0.3499195460744896
2019-12-09,0.07538391933734043,0.5746965345881699,0.3499195460744896
2019-12-10,0.07538391933734043,0.5746965345881699,0.3499195460744896
2019-12-11,0.07538391933734043,0.5746965345881699,0.3499195460744896
2019-12-12,0.07538391933734043,0.5746965345881699,0.3499195460744896
2019-12-13,0.07538391933734043,0.5746965345881699,0.3499195460744896
2019-12-16,0.07538391933734043,0.5746965345881699,0.3499195460744896
2019-12-17,0.07538391933734043,0.5746965345881699,0.3499195460744896
2019-12-18,0.07538391933734043,0.5746965345881699,0.3499195460744896
2019-12-19,0.07538391933734043,0.5746965345881699,0.3499195460744896
2019-12-20,0.07538391933734043,0.5746965345881699,0.3499195460744896
2019-12-23,0.07538391933734043,0.5746965345881699,0.3499195460744896
2019-12-24,0.07538391933734043,0.5746965345881699,0.3499195460744896
2019-12-26,0.07538391933734043,0.5746965345881699,0.3499195460744896
2019-12-27,0.07538391933734043,0.5746965345881699,0.3499195460744896
2019-12-30,0.07538391933734043,0.5746965345881699,0.3499195460744896
2019-12-31,0.07538391933734043,0.5746965345881699,0.3499195460744896
2020-01-01,0.07538391933734043,0.5746965345881699,0.3499195460744896
2020-01-02,0.07538391933734043,0.5746965345881699,0.3499195460744896
2020-01-03,0.07538391933734043,0.5746965345881699,0.3499195460744896
2020-01-06,0.07538391933734043,0.5746965345881699,0.3499195460744896
2020-01-07,0.07538391933734043,0.5746965345881699,0.3499195460744896
2020-01-08,0.07538391933734043,0.5746965345881699,0.3499195460744896
2020-01-09,0.07538391933734043,0.5746965345881699,0.3499195460744896
2020-01-10,0.07538391933734043,0.5746965345881699,0.3499195460744896
2020-01-13,0.07538391933734043,0.5746965345881699,0.3499195460744896
2020-01-14,0.07538391933734043,0.5746965345881699,0.3499195460744896
2020-01-15,0.07538391933734043,0.5746965345881699,0.3499195460744896
2020-01-16,0.07538391933734043,0.5746965345881699,0.3499195460744896
2020-01-17,0.07538391933734043,0.5746965345881699,0.3499195460744896
2020-01-20,0.07538391933734043,0.5746965345881699,0.3499195460744896
2020-01-21,0.14747294509634187,0.7,0.15252705490365823
2020-01-22,0.14747294509634187,0.7,0.15252705490365823
2020-01-23,0.14747294509634187,0.7,0.15252705490365823
2020-01-24,0.14747294509634187,0.7,0.15252705490365823
2020-01-27,0.14747294509634187,0.7,0.15252705490365823
2020-01-28,0.14747294509634187,0.7,0.15252705490365823
2020-01-29,0.14747294509634187,0.7,0.15252705490365823
2020-01-30,0.35421821911634005,4.6775923988033853e-20,0.6457817808836599
2020-01-31,0.35421821911634005,4.6775923988033853e-20,0.6457817808836599
2020-02-03,0.35421821911634005,4.6775923988033853e-20,0.6457817808836599
2020-02-04,0.35421821911634005,4.6775923988033853e-20,0.6457817808836599
2020-02-05,0.35421821911634005,4.6775923988033853e-20,0.6457817808836599
2020-02-06,0.35421821911634005,4.6775923988033853e-20,0.6457817808836599
2020-02-07,0.14429758005190166,0.7,0.15570241994809836
2020-02-10,0.14429758005190166,0.7,0.15570241994809836
2020-02-11,0.14429758005190166,0.7,0.15570241994809836
2020-02-12,0.14429758005190166,0.7,0.15570241994809836
2020-02-13,0.14429758005190166,0.7,0.15570241994809836
2020-02-14,0.14429758005190166,0.7,0.15570241994809836
2020-02-17,0.14429758005190166,0.7,0.15570241994809836
2020-02-18,0.14429758005190166,0.7,0.15570241994809836
2020-02-19,0.14429758005190166,0.7,0.15570241994809836
2020-02-20,0.14429758005190166,0.7,0.15570241994809836
2020-02-24,0.14429758005190166,0.7,0.15570241994809836
2020-02-25,0.14429758005190166,0.7,0.15570241994809836
2020-02-26,0.14429758005190166,0.7,0.15570241994809836
2020-02-27,0.14429758005190166,0.7,0.15570241994809836
2020-02-28,0.14429758005190166,0.7,0.15570241994809836
2020-03-02,0.14429758005190166,0.7,0.15570241994809836
2020-03-03,0.14429758005190166,0.7,0.15570241994809836
2020-03-04,0.14429758005190166,0.7,0.15570241994809836
2020-03-05,0.14429758005190166,0.7,0.15570241994809836
2020-03-06,0.14429758005190166,0.7,0.15570241994809836
2020-03-09,0.14429758005190166,0.7,0.15570241994809836
2020-03-11,0.14429758005190166,0.7,0.15570241994809836
2020-03-12,0.14429758005190166,0.7,0.15570241994809836
2020-03-13,0.14429758005190166,0.7,0.15570241994809836
2020-03-16,0.14429758005190166,0.7,0.15570241994809836
2020-03-17,0.14429758005190166,0.7,0.15570241994809836
2020-03-18,0.14429758005190166,0.7,0.15570241994809836
2020-03-19,0.14429758005190166,0.7,0.15570241994809836
2020-03-20,0.14429758005190166,0.7,0.15570241994809836
2020-03-23,0.14429758005190166,0.7,0.15570241994809836
2020-03-24,0.14429758005190166,0.7,0.15570241994809836
2020-03-25,0.14429758005190166,0.7,0.15570241994809836
2020-03-26,0.14429758005190166,0.7,0.15570241994809836
2020-03-27,0.14429758005190166,0.7,0.15570241994809836
2020-03-30,0.14429758005190166,0.7,0.15570241994809836
2020-03-31,0.14429758005190166,0.7,0.15570241994809836
2020-04-01,0.14429758005190166,0.7,0.15570241994809836
2020-04-03,0.14429758005190166,0.7,0.15570241994809836
2020-04-07,0.14429758005190166,0.7,0.15570241994809836
2020-04-08,0.14429758005190166,0.7,0.15570241994809836
2020-04-09,0.14429758005190166,0.7,0.15570241994809836
2020-04-13,0.14429758005190166,0.7,0.15570241994809836
2020-04-15,0.14429758005190166,0.7,0.15570241994809836
2020-04-16,0.14429758005190166,0.7,0.15570241994809836
2020-04-17,0.14429758005190166,0.7,0.15570241994809836
2020-04-20,0.14429758005190166,0.7,0.15570241994809836
2020-04-21,0.14429758005190166,0.7,0.15570241994809836
2020-04-22,0.14429758005190166,0.7,0.15570241994809836
2020-04-23,0.14429758005190166,0.7,0.15570241994809836
2020-04-24,0.0718717803781321,0.7,0.22812821962186794
2020-04-27,0.0718717803781321,0.7,0.22812821962186794
2020-04-28,0.0718717803781321,0.7,0.22812821962186794
2020-04-29,0.0718717803781321,0.7,0.22812821962186794
2020-04-30,0.0718717803781321,0.7,0.22812821962186794
2020-05-04,0.0718717803781321,0.7,0.22812821962186794
2020-05-05,0.06780767131524953,0.7,0.23219232868475048
2020-05-06,0.06780767131524953,0.7,0.23219232868475048
2020-05-07,0.06780767131524953,0.7,0.23219232868475048
2020-05-08,0.06780767131524953,0.7,0.23219232868475048
2020-05-11,0.06780767131524953,0.7,0.23219232868475048
2020-05-12,0.06780767131524953,0.7,0.23219232868475048
2020-05-13,0.06780767131524953,0.7,0.23219232868475048
2020-05-14,0.06780767131524953,0.7,0.23219232868475048
2020-05-15,0.06780767131524953,0.7,0.23219232868475048
2020-05-18,0.06780767131524953,0.7,0.23219232868475048
2020-05-19,0.06780767131524953,0.7,0.23219232868475048
2020-05-20,0.06780767131524953,0.7,0.23219232868475048
2020-05-21,0.06780767131524953,0.7,0.23219232868475048
2020-05-22,0.06780767131524953,0.7,0.23219232868475048
2020-05-26,0.06780767131524953,0.7,0.23219232868475048
2020-05-27,0.06780767131524953,0.7,0.23219232868475048
2020-05-28,0.06780767131524953,0.7,0.23219232868475048
2020-05-29,0.06780767131524953,0.7,0.23219232868475048
2020-06-01,0.06780767131524953,0.7,0.23219232868475048
2020-06-02,0.07054189222821378,0.7,0.22945810777178632
2020-06-03,0.07054189222821378,0.7,0.22945810777178632
2020-06-04,0.07054189222821378,0.7,0.22945810777178632
2020-06-05,0.07054189222821378,0.7,0.22945810777178632
2020-06-08,0.07054189222821378,0.7,0.22945810777178632
2020-06-09,0.07054189222821378,0.7,0.22945810777178632
2020-06-10,0.07054189222821378,0.7,0.22945810777178632
2020-06-11,0.07054189222821378,0.7,0.22945810777178632
2020-06-12,0.07054189222821378,0.7,0.22945810777178632
2020-06-15,0.07054189222821378,0.7,0.22945810777178632
2020-06-16,0.07054189222821378,0.7,0.22945810777178632
2020-06-17,0.07054189222821378,0.7,0.22945810777178632
2020-06-18,0.07054189222821378,0.7,0.22945810777178632
2020-06-19,0.07054189222821378,0.7,0.22945810777178632
2020-06-22,0.07054189222821378,0.7,0.22945810777178632
2020-06-23,0.07054189222821378,0.7,0.22945810777178632
2020-06-24,0.07054189222821378,0.7,0.22945810777178632
2020-06-25,0.07054189222821378,0.7,0.22945810777178632
2020-06-26,0.07054189222821378,0.7,0.22945810777178632
2020-06-29,0.07054189222821378,0.7,0.22945810777178632
2020-06-30,0.07054189222821378,0.7,0.22945810777178632
2020-07-01,0.07054189222821378,0.7,0.22945810777178632
2020-07-02,0.07054189222821378,0.7,0.22945810777178632
2020-07-03,0.07054189222821378,0.7,0.22945810777178632
2020-07-06,0.07054189222821378,0.7,0.22945810777178632
2020-07-07,0.07054189222821378,0.7,0.22945810777178632
2020-07-08,0.07054189222821378,0.7,0.22945810777178632
2020-07-09,0.07054189222821378,0.7,0.22945810777178632
2020-07-10,0.07054189222821378,0.7,0.22945810777178632
2020-07-13,0.07054189222821378,0.7,0.22945810777178632
2020-07-14,0.07054189222821378,0.7,0.22945810777178632
2020-07-15,0.07054189222821378,0.7,0.22945810777178632
2020-07-16,0.07054189222821378,0.7,0.22945810777178632
2020-07-17,0.07054189222821378,0.7,0.22945810777178632
2020-07-20,0.07054189222821378,0.7,0.22945810777178632
2020-07-21,0.07054189222821378,0.7,0.22945810777178632
2020-07-22,0.07054189222821378,0.7,0.22945810777178632
2020-07-23,0.07054189222821378,0.7,0.22945810777178632
2020-07-24,0.043319861148182794,0.7,0.25668013885181723
2020-07-27,0.043319861148182794,0.7,0.25668013885181723
2020-07-28,0.043319861148182794,0.7,0.25668013885181723
2020-07-29,0.043319861148182794,0.7,0.25668013885181723
2020-07-30,0.043319861148182794,0.7,0.25668013885181723
2020-07-31,0.043319861148182794,0.7,0.25668013885181723
2020-08-03,0.06741893851453218,0.7,0.23258106148546787
2020-08-04,0.06741893851453218,0.7,0.23258106148546787
2020-08-05,0.06741893851453218,0.7,0.23258106148546787
2020-08-06,0.06741893851453218,0.7,0.23258106148546787
2020-08-07,0.06741893851453218,0.7,0.23258106148546787
2020-08-10,0.06741893851453218,0.7,0.23258106148546787
2020-08-11,0.06741893851453218,0.7,0.23258106148546787
2020-08-12,0.06741893851453218,0.7,0.23258106148546787
2020-08-13,0.06741893851453218,0.7,0.23258106148546787
2020-08-14,0.06741893851453218,0.7,0.23258106148546787
2020-08-17,0.06741893851453218,0.7,0.23258106148546787
2020-08-18,0.06741893851453218,0.7,0.23258106148546787
2020-08-19,0.06741893851453218,0.7,0.23258106148546787
2020-08-20,0.06741893851453218,0.7,0.23258106148546787
2020-08-21,0.06741893851453218,0.7,0.23258106148546787
2020-08-24,0.06741893851453218,0.7,0.23258106148546787
2020-08-25,0.06741893851453218,0.7,0.23258106148546787
2020-08-26,0.06741893851453218,0.7,0.23258106148546787
2020-08-27,0.06741893851453218,0.7,0.23258106148546787
2020-08-28,0.06741893851453218,0.7,0.23258106148546787
2020-08-31,0.06741893851453218,0.7,0.23258106148546787
2020-09-01,0.06741893851453218,0.7,0.23258106148546787
2020-09-02,0.06741893851453218,0.7,0.23258106148546787
2020-09-03,0.06741893851453218,0.7,0.23258106148546787
2020-09-04,0.06741893851453218,0.7,0.23258106148546787
2020-09-07,0.06741893851453218,0.7,0.23258106148546787
2020-09-08,0.06741893851453218,0.7,0.23258106148546787
2020-09-09,0.06741893851453218,0.7,0.23258106148546787
2020-09-10,0.06741893851453218,0.7,0.23258106148546787
2020-09-11,0.06741893851453218,0.7,0.23258106148546787
2020-09-14,0.06741893851453218,0.7,0.23258106148546787
2020-09-15,0.06741893851453218,0.7,0.23258106148546787
2020-09-16,0.06741893851453218,0.7,0.23258106148546787
2020-09-17,0.06741893851453218,0.7,0.23258106148546787
2020-09-18,0.06741893851453218,0.7,0.23258106148546787
2020-09-21,0.06741893851453218,0.7,0.23258106148546787
2020-09-22,0.06741893851453218,0.7,0.23258106148546787
2020-09-23,0.06741893851453218,0.7,0.23258106148546787
2020-09-24,0.06741893851453218,0.7,0.23258106148546787
2020-09-25,0.06741893851453218,0.7,0.23258106148546787
2020-09-28,0.06741893851453218,0.7,0.23258106148546787
2020-09-29,0.06741893851453218,0.7,0.23258106148546787
2020-09-30,0.06741893851453218,0.7,0.23258106148546787
2020-10-01,0.06741893851453218,0.7,0.23258106148546787
2020-10-05,0.06741893851453218,0.7,0.23258106148546787
2020-10-06,0.06741893851453218,0.7,0.23258106148546787
2020-10-07,0.06741893851453218,0.7,0.23258106148546787
2020-10-08,0.06741893851453218,0.7,0.23258106148546787
2020-10-09,0.06741893851453218,0.7,0.23258106148546787
2020-10-12,0.06741893851453218,0.7,0.23258106148546787
2020-10-13,0.06741893851453218,0.7,0.23258106148546787
2020-10-14,0.06741893851453218,0.7,0.23258106148546787
2020-10-15,0.06741893851453218,0.7,0.23258106148546787
2020-10-16,0.06741893851453218,0.7,0.23258106148546787
2020-10-19,0.06741893851453218,0.7,0.23258106148546787
2020-10-20,0.06741893851453218,0.7,0.23258106148546787
2020-10-21,0.06741893851453218,0.7,0.23258106148546787
2020-10-22,0.06741893851453218,0.7,0.23258106148546787
2020-10-23,0.06741893851453218,0.7,0.23258106148546787
2020-10-26,0.06741893851453218,0.7,0.23258106148546787
2020-10-27,0.06741893851453218,0.7,0.23258106148546787
2020-10-28,0.06741893851453218,0.7,0.23258106148546787
2020-10-29,0.06741893851453218,0.7,0.23258106148546787
2020-10-30,0.06741893851453218,0.7,0.23258106148546787
2020-11-02,0.06741893851453218,0.7,0.23258106148546787
2020-11-03,0.06741893851453218,0.7,0.23258106148546787
2020-11-04,0.06741893851453218,0.7,0.23258106148546787
2020-11-05,0.06741893851453218,0.7,0.23258106148546787
2020-11-06,0.06741893851453218,0.7,0.23258106148546787
2020-11-09,0.06741893851453218,0.7,0.23258106148546787
2020-11-10,0.06741893851453218,0.7,0.23258106148546787
2020-11-11,0.06741893851453218,0.7,0.23258106148546787
2020-11-12,0.06741893851453218,0.7,0.23258106148546787
2020-11-13,0.06741893851453218,0.7,0.23258106148546787
2020-11-17,0.06741893851453218,0.7,0.23258106148546787
2020-11-18,0.06741893851453218,0.7,0.23258106148546787
2020-11-19,0.06741893851453218,0.7,0.23258106148546787
2020-11-20,0.06741893851453218,0.7,0.23258106148546787
2020-11-23,0.06741893851453218,0.7,0.23258106148546787
2020-11-24,0.06741893851453218,0.7,0.23258106148546787
2020-11-25,0.06741893851453218,0.7,0.23258106148546787
2020-11-26,0.06741893851453218,0.7,0.23258106148546787
2020-11-27,0.06741893851453218,0.7,0.23258106148546787
2020-12-01,0.06741893851453218,0.7,0.23258106148546787
2020-12-02,0.06741893851453218,0.7,0.23258106148546787
2020-12-03,0.06741893851453218,0.7,0.23258106148546787
2020-12-04,0.06741893851453218,0.7,0.23258106148546787
2020-12-07,0.06741893851453218,0.7,0.23258106148546787
2020-12-08,0.06741893851453218,0.7,0.23258106148546787
2020-12-09,0.06741893851453218,0.7,0.23258106148546787
2020-12-10,0.06741893851453218,0.7,0.23258106148546787
2020-12-11,0.35081938761697046,0.6441661848233007,0.005014427559728828
2020-12-14,0.35081938761697046,0.6441661848233007,0.005014427559728828
2020-12-15,0.35081938761697046,0.6441661848233007,0.005014427559728828
2020-12-16,0.35081938761697046,0.6441661848233007,0.005014427559728828
2020-12-17,0.35081938761697046,0.6441661848233007,0.005014427559728828
2020-12-18,0.35081938761697046,0.6441661848233007,0.005014427559728828
2020-12-21,0.16666576492666563,0.7,0.1333342350733344
2020-12-22,0.16666576492666563,0.7,0.1333342350733344
2020-12-23,0.16666576492666563,0.7,0.1333342350733344
2020-12-24,0.16666576492666563,0.7,0.1333342350733344
2020-12-28,0.16666576492666563,0.7,0.1333342350733344
2020-12-29,0.16666576492666563,0.7,0.1333342350733344
2020-12-30,0.16666576492666563,0.7,0.1333342350733344
2020-12-31,0.16666576492666563,0.7,0.1333342350733344
2021-01-01,0.16666576492666563,0.7,0.1333342350733344
2021-01-04,0.16666576492666563,0.7,0.1333342350733344
2021-01-05,0.16666576492666563,0.7,0.1333342350733344
2021-01-06,0.16666576492666563,0.7,0.1333342350733344
2021-01-07,0.16666576492666563,0.7,0.1333342350733344
2021-01-08,0.16666576492666563,0.7,0.1333342350733344
2021-01-11,0.16666576492666563,0.7,0.1333342350733344
2021-01-12,0.16666576492666563,0.7,0.1333342350733344
2021-01-13,0.16666576492666563,0.7,0.1333342350733344
2021-01-14,0.16666576492666563,0.7,0.1333342350733344
2021-01-15,0.16666576492666563,0.7,0.1333342350733344
2021-01-18,0.16666576492666563,0.7,0.1333342350733344
2021-01-19,0.16666576492666563,0.7,0.1333342350733344
2021-01-20,0.16666576492666563,0.7,0.1333342350733344
2021-01-21,0.16666576492666563,0.7,0.1333342350733344
2021-01-22,0.16666576492666563,0.7,0.1333342350733344
2021-01-25,0.16666576492666563,0.7,0.1333342350733344
2021-01-27,0.16666576492666563,0.7,0.1333342350733344
2021-01-28,0.16666576492666563,0.7,0.1333342350733344
2021-01-29,0.16666576492666563,0.7,0.1333342350733344
2021-02-01,0.15635139879895724,0.7,0.14364860120104286
2021-02-02,0.15635139879895724,0.7,0.14364860120104286
2021-02-03,0.15635139879895724,0.7,0.14364860120104286
2021-02-04,0.15635139879895724,0.7,0.14364860120104286
2021-02-05,0.15635139879895724,0.7,0.14364860120104286
2021-02-08,0.15635139879895724,0.7,0.14364860120104286
2021-02-09,0.15635139879895724,0.7,0.14364860120104286
2021-02-10,0.15635139879895724,0.7,0.14364860120104286
2021-02-11,0.15635139879895724,0.7,0.14364860120104286
2021-02-12,0.15635139879895724,0.7,0.14364860120104286
2021-02-15,0.15635139879895724,0.7,0.14364860120104286
2021-02-16,0.15635139879895724,0.7,0.14364860120104286
2021-02-17,0.15635139879895724,0.7,0.14364860120104286
2021-02-18,0.15635139879895724,0.7,0.14364860120104286
2021-02-19,0.15635139879895724,0.7,0.14364860120104286
2021-02-22,0.15635139879895724,0.7,0.14364860120104286
2021-02-23,0.15635139879895724,0.7,0.14364860120104286
2021-02-24,0.15635139879895724,0.7,0.14364860120104286
2021-02-25,0.15635139879895724,0.7,0.14364860120104286
2021-02-26,0.15635139879895724,0.7,0.14364860120104286
2021-03-01,0.15635139879895724,0.7,0.14364860120104286
2021-03-02,0.15635139879895724,0.7,0.14364860120104286
2021-03-03,0.15635139879895724,0.7,0.14364860120104286
2021-03-04,0.15635139879895724,0.7,0.14364860120104286
2021-03-05,0.15635139879895724,0.7,0.14364860120104286
2021-03-08,0.15635139879895724,0.7,0.14364860120104286
2021-03-09,0.15635139879895724,0.7,0.14364860120104286
2021-03-10,0.15635139879895724,0.7,0.14364860120104286
2021-03-12,0.15635139879895724,0.7,0.14364860120104286
2021-03-15,0.15635139879895724,0.7,0.14364860120104286
2021-03-16,0.15635139879895724,0.7,0.14364860120104286
2021-03-17,0.15635139879895724,0.7,0.14364860120104286
2021-03-18,0.15635139879895724,0.7,0.14364860120104286
2021-03-19,0.15635139879895724,0.7,0.14364860120104286
2021-03-22,0.15635139879895724,0.7,0.14364860120104286
2021-03-23,0.15635139879895724,0.7,0.14364860120104286
2021-03-24,0.15635139879895724,0.7,0.14364860120104286
2021-03-25,0.15635139879895724,0.7,0.14364860120104286
2021-03-26,0.15635139879895724,0.7,0.14364860120104286
2021-03-30,0.15635139879895724,0.7,0.14364860120104286
2021-03-31,0.11184631412484593,0.7,0.18815368587515408
2021-04-01,0.11184631412484593,0.7,0.18815368587515408
2021-04-05,0.11184631412484593,0.7,0.18815368587515408
2021-04-06,0.11184631412484593,0.7,0.18815368587515408
2021-04-07,0.11184631412484593,0.7,0.18815368587515408
2021-04-08,0.11184631412484593,0.7,0.18815368587515408
2021-04-09,0.11184631412484593,0.7,0.18815368587515408
2021-04-12,0.11565419864880229,0.7,0.18434580135119777
2021-04-13,0.11565419864880229,0.7,0.18434580135119777
2021-04-15,0.11565419864880229,0.7,0.18434580135119777
2021-04-16,0.11565419864880229,0.7,0.18434580135119777
2021-04-19,0.11565419864880229,0.7,0.18434580135119777
2021-04-20,0.11565419864880229,0.7,0.18434580135119777
2021-04-22,0.11565419864880229,0.7,0.18434580135119777
2021-04-23,0.11565419864880229,0.7,0.18434580135119777
2021-04-26,0.11565419864880229,0.7,0.18434580135119777
2021-04-27,0.11565419864880229,0.7,0.18434580135119777
2021-04-28,0.11565419864880229,0.7,0.18434580135119777
2021-04-29,0.21468416742716173,0.7000000000000001,0.08531583257283828
2021-04-30,0.21468416742716173,0.7000000000000001,0.08531583257283828
2021-05-03,0.21468416742716173,0.7000000000000001,0.08531583257283828
2021-05-04,0.21468416742716173,0.7000000000000001,0.08531583257283828
2021-05-05,0.21468416742716173,0.7000000000000001,0.08531583257283828
2021-05-06,0.21468416742716173,0.7000000000000001,0.08531583257283828
2021-05-07,0.1123619011718971,0.7,0.187638098828103
2021-05-10,0.1123619011718971,0.7,0.187638098828103
2021-05-11,0.1123619011718971,0.7,0.187638098828103
2021-05-12,0.1123619011718971,0.7,0.187638098828103
2021-05-14,0.1123619011718971,0.7,0.187638098828103
2021-05-17,0.1123619011718971,0.7,0.187638098828103
2021-05-18,0.1123619011718971,0.7,0.187638098828103
2021-05-19,0.1123619011718971,0.7,0.187638098828103
2021-05-20,0.1123619011718971,0.7,0.187638098828103
2021-05-21,0.1123619011718971,0.7,0.187638098828103
2021-05-24,0.1123619011718971,0.7,0.187638098828103
2021-05-25,0.1123619011718971,0.7,0.187638098828103
2021-05-26,0.1123619011718971,0.7,0.187638098828103
2021-05-27,0.1123619011718971,0.7,0.187638098828103
2021-05-28,0.1123619011718971,0.7,0.187638098828103
2021-05-31,0.1123619011718971,0.7,0.187638098828103
2021-06-01,0.1123619011718971,0.7,0.187638098828103
2021-06-02,0.1123619011718971,0.7,0.187638098828103
2021-06-03,0.1123619011718971,0.7,0.187638098828103
2021-06-04,0.2979689929695745,0.7,0.002031007030425512
2021-06-07,0.2979689929695745,0.7,0.002031007030425512
2021-06-08,0.2979689929695745,0.7,0.002031007030425512
2021-06-09,0.2979689929695745,0.7,0.002031007030425512
2021-06-10,0.2979689929695745,0.7,0.002031007030425512
2021-06-11,0.2979689929695745,0.7,0.002031007030425512
2021-06-14,0.2979689929695745,0.7,0.002031007030425512
2021-06-15,0.2979689929695745,0.7,0.002031007030425512
2021-06-16,0.2979689929695745,0.7,0.002031007030425512
2021-06-17,0.2979689929695745,0.7,0.002031007030425512
2021-06-18,0.2979689929695745,0.7,0.002031007030425512
2021-06-21,0.2979689929695745,0.7,0.002031007030425512
2021-06-22,0.2979689929695745,0.7,0.002031007030425512
2021-06-23,0.2979689929695745,0.7,0.002031007030425512
2021-06-24,0.2979689929695745,0.7,0.002031007030425512
2021-06-25,0.2979689929695745,0.7,0.002031007030425512
2021-06-28,0.2979689929695745,0.7,0.002031007030425512
2021-06-29,0.2979689929695745,0.7,0.002031007030425512
2021-06-30,0.2979689929695745,0.7,0.002031007030425512
2021-07-01,0.2979689929695745,0.7,0.002031007030425512
2021-07-02,0.2979689929695745,0.7,0.002031007030425512
2021-07-05,0.2979689929695745,0.7,0.002031007030425512
2021-07-06,0.2979689929695745,0.7,0.002031007030425512
2021-07-07,0.2979689929695745,0.7,0.002031007030425512
2021-07-08,0.2979689929695745,0.7,0.002031007030425512
2021-07-09,0.2979689929695745,0.7,0.002031007030425512
2021-07-12,0.2979689929695745,0.7,0.002031007030425512
2021-07-13,0.2979689929695745,0.7,0.002031007030425512
2021-07-14,0.2979689929695745,0.7,0.002031007030425512
2021-07-15,0.2979689929695745,0.7,0.002031007030425512
2021-07-16,0.2979689929695745,0.7,0.002031007030425512
2021-07-19,0.2979689929695745,0.7,0.002031007030425512
2021-07-20,0.2979689929695745,0.7,0.002031007030425512
2021-07-22,0.2979689929695745,0.7,0.002031007030425512
2021-07-23,0.2979689929695745,0.7,0.002031007030425512
2021-07-26,0.2979689929695745,0.7,0.002031007030425512
2021-07-27,0.2979689929695745,0.7,0.002031007030425512
2021-07-28,0.2979689929695745,0.7,0.002031007030425512
2021-07-29,0.1555001413472313,0.7,0.1444998586527687
2021-07-30,0.1555001413472313,0.7,0.1444998586527687
2021-08-02,0.1555001413472313,0.7,0.1444998586527687
2021-08-03,0.1555001413472313,0.7,0.1444998586527687
2021-08-04,0.1555001413472313,0.7,0.1444998586527687
2021-08-05,0.1555001413472313,0.7,0.1444998586527687
2021-08-06,0.2690130603442235,0.7,0.030986939655776494
2021-08-09,0.2690130603442235,0.7,0.030986939655776494
2021-08-10,0.2690130603442235,0.7,0.030986939655776494
2021-08-11,0.2690130603442235,0.7,0.030986939655776494
2021-08-12,0.2690130603442235,0.7,0.030986939655776494
2021-08-13,0.2690130603442235,0.7,0.030986939655776494
2021-08-16,0.2690130603442235,0.7,0.030986939655776494
2021-08-17,0.2690130603442235,0.7,0.030986939655776494
2021-08-18,0.2690130603442235,0.7,0.030986939655776494
2021-08-20,0.2690130603442235,0.7,0.030986939655776494
2021-08-23,0.2690130603442235,0.7,0.030986939655776494
2021-08-24,0.2690130603442235,0.7,0.030986939655776494
2021-08-25,0.2690130603442235,0.7,0.030986939655776494
2021-08-26,0.2690130603442235,0.7,0.030986939655776494
2021-08-27,0.2690130603442235,0.7,0.030986939655776494
2021-08-30,0.2690130603442235,0.7,0.030986939655776494
2021-08-31,0.2690130603442235,0.7,0.030986939655776494
2021-09-01,0.2690130603442235,0.7,0.030986939655776494
2021-09-02,0.2690130603442235,0.7,0.030986939655776494
2021-09-03,0.2690130603442235,0.7,0.030986939655776494
2021-09-06,0.2690130603442235,0.7,0.030986939655776494
2021-09-07,0.2690130603442235,0.7,0.030986939655776494
2021-09-08,0.2690130603442235,0.7,0.030986939655776494
2021-09-09,0.2690130603442235,0.7,0.030986939655776494
2021-09-13,0.2690130603442235,0.7,0.030986939655776494
2021-09-14,0.2690130603442235,0.7,0.030986939655776494
2021-09-15,0.2690130603442235,0.7,0.030986939655776494
2021-09-16,0.2690130603442235,0.7,0.030986939655776494
2021-09-17,0.2690130603442235,0.7,0.030986939655776494
2021-09-20,0.2690130603442235,0.7,0.030986939655776494
2021-09-21,0.2690130603442235,0.7,0.030986939655776494
2021-09-22,0.2690130603442235,0.7,0.030986939655776494
2021-09-23,0.2690130603442235,0.7,0.030986939655776494
2021-09-24,0.2690130603442235,0.7,0.030986939655776494
2021-09-27,0.2690130603442235,0.7,0.030986939655776494
2021-09-28,0.2690130603442235,0.7,0.030986939655776494
2021-09-29,0.2690130603442235,0.7,0.030986939655776494
2021-09-30,0.2690130603442235,0.7,0.030986939655776494
2021-10-01,0.2690130603442235,0.7,0.030986939655776494
2021-10-04,0.2690130603442235,0.7,0.030986939655776494
2021-10-05,0.2690130603442235,0.7,0.030986939655776494
2021-10-06,0.2690130603442235,0.7,0.030986939655776494
2021-10-07,0.2690130603442235,0.7,0.030986939655776494
2021-10-08,0.2690130603442235,0.7,0.030986939655776494
2021-10-11,0.2690130603442235,0.7,0.030986939655776494
2021-10-12,0.2690130603442235,0.7,0.030986939655776494
2021-10-13,0.2690130603442235,0.7,0.030986939655776494
2021-10-14,0.2690130603442235,0.7,0.030986939655776494
2021-10-18,0.2690130603442235,0.7,0.030986939655776494
2021-10-19,0.2690130603442235,0.7,0.030986939655776494
2021-10-20,0.2690130603442235,0.7,0.030986939655776494
2021-10-21,0.2690130603442235,0.7,0.030986939655776494
2021-10-22,0.2690130603442235,0.7,0.030986939655776494
2021-10-25,0.2690130603442235,0.7,0.030986939655776494
2021-10-26,0.2690130603442235,0.7,0.030986939655776494
2021-10-27,0.2690130603442235,0.7,0.030986939655776494
2021-10-28,0.2690130603442235,0.7,0.030986939655776494
2021-10-29,0.2690130603442235,0.7,0.030986939655776494
2021-11-01,0.1313246407467187,0.7,0.16867535925328134
2021-11-02,0.1313246407467187,0.7,0.16867535925328134
2021-11-03,0.1313246407467187,0.7,0.16867535925328134
2021-11-04,0.1313246407467187,0.7,0.16867535925328134
2021-11-08,0.1313246407467187,0.7,0.16867535925328134
2021-11-09,0.1313246407467187,0.7,0.16867535925328134
2021-11-10,0.1313246407467187,0.7,0.16867535925328134
2021-11-11,0.1313246407467187,0.7,0.16867535925328134
2021-11-12,0.1313246407467187,0.7,0.16867535925328134
2021-11-15,0.1313246407467187,0.7,0.16867535925328134
2021-11-16,0.1313246407467187,0.7,0.16867535925328134
2021-11-17,0.1313246407467187,0.7,0.16867535925328134
2021-11-18,0.1313246407467187,0.7,0.16867535925328134
2021-11-22,0.1313246407467187,0.7,0.16867535925328134
2021-11-23,0.1313246407467187,0.7,0.16867535925328134
2021-11-24,0.1313246407467187,0.7,0.16867535925328134
2021-11-25,0.1313246407467187,0.7,0.16867535925328134
2021-11-26,0.1313246407467187,0.7,0.16867535925328134
2021-11-29,0.1313246407467187,0.7,0.16867535925328134
2021-11-30,0.1313246407467187,0.7,0.16867535925328134
2021-12-01,0.1313246407467187,0.7,0.16867535925328134
2021-12-02,0.1313246407467187,0.7,0.16867535925328134
2021-12-03,0.1313246407467187,0.7,0.16867535925328134
2021-12-06,0.1313246407467187,0.7,0.16867535925328134
2021-12-07,0.1313246407467187,0.7,0.16867535925328134
2021-12-08,0.1313246407467187,0.7,0.16867535925328134
2021-12-09,0.1313246407467187,0.7,0.16867535925328134
2021-12-10,0.1313246407467187,0.7,0.16867535925328134
2021-12-13,0.1313246407467187,0.7,0.16867535925328134
2021-12-14,0.1313246407467187,0.7,0.16867535925328134
2021-12-15,0.1313246407467187,0.7,0.16867535925328134
2021-12-16,0.1313246407467187,0.7,0.16867535925328134
2021-12-17,0.1313246407467187,0.7,0.16867535925328134
2021-12-20,0.1313246407467187,0.7,0.16867535925328134
2021-12-21,0.1313246407467187,0.7,0.16867535925328134
2021-12-22,0.1313246407467187,0.7,0.16867535925328134
2021-12-23,0.1313246407467187,0.7,0.16867535925328134
2021-12-24,0.1313246407467187,0.7,0.16867535925328134
2021-12-27,0.1313246407467187,0.7,0.16867535925328134
2021-12-28,0.1313246407467187,0.7,0.16867535925328134
2021-12-29,0.1313246407467187,0.7,0.16867535925328134
2021-12-30,0.1313246407467187,0.7,0.16867535925328134
2021-12-31,0.1313246407467187,0.7,0.16867535925328134
2022-01-03,0.1313246407467187,0.7,0.16867535925328134
2022-01-04,0.1313246407467187,0.7,0.16867535925328134
2022-01-05,0.1313246407467187,0.7,0.16867535925328134
2022-01-06,0.1313246407467187,0.7,0.16867535925328134
2022-01-07,0.1313246407467187,0.7,0.16867535925328134
2022-01-10,0.1313246407467187,0.7,0.16867535925328134
2022-01-11,0.1313246407467187,0.7,0.16867535925328134
2022-01-12,0.1313246407467187,0.7,0.16867535925328134
2022-01-13,0.1313246407467187,0.7,0.16867535925328134
2022-01-14,0.1313246407467187,0.7,0.16867535925328134
2022-01-17,0.1313246407467187,0.7,0.16867535925328134
2022-01-18,0.1313246407467187,0.7,0.16867535925328134
2022-01-19,0.1313246407467187,0.7,0.16867535925328134
2022-01-20,0.1313246407467187,0.7,0.16867535925328134
2022-01-21,0.1313246407467187,0.7,0.16867535925328134
2022-01-24,0.1313246407467187,0.7,0.16867535925328134
2022-01-25,0.1313246407467187,0.7,0.16867535925328134
2022-01-27,0.1313246407467187,0.7,0.16867535925328134
2022-01-28,0.1313246407467187,0.7,0.16867535925328134
2022-01-31,0.3010965937134849,0.6989034062865151,3.228659905464425e-24
2022-02-01,0.3010965937134849,0.6989034062865151,3.228659905464425e-24
2022-02-02,0.3010965937134849,0.6989034062865151,3.228659905464425e-24
2022-02-03,0.3010965937134849,0.6989034062865151,3.228659905464425e-24
2022-02-04,0.3010965937134849,0.6989034062865151,3.228659905464425e-24
2022-02-07,0.3010965937134849,0.6989034062865151,3.228659905464425e-24
2022-02-08,0.09918383948619676,0.7,0.20081616051380324
2022-02-09,0.09918383948619676,0.7,0.20081616051380324
2022-02-10,0.09918383948619676,0.7,0.20081616051380324
2022-02-11,0.09918383948619676,0.7,0.20081616051380324
2022-02-14,0.09918383948619676,0.7,0.20081616051380324
2022-02-15,0.09918383948619676,0.7,0.20081616051380324
2022-02-16,0.08949827734321089,0.7,0.21050172265678915
2022-02-17,0.08949827734321089,0.7,0.21050172265678915
2022-02-18,0.08949827734321089,0.7,0.21050172265678915
2022-02-21,0.08949827734321089,0.7,0.21050172265678915
2022-02-22,0.08949827734321089,0.7,0.21050172265678915
2022-02-23,0.08949827734321089,0.7,0.21050172265678915
2022-02-24,0.08949827734321089,0.7,0.21050172265678915
2022-02-25,0.08949827734321089,0.7,0.21050172265678915
2022-02-28,0.08949827734321089,0.7,0.21050172265678915
2022-03-02,0.08949827734321089,0.7,0.21050172265678915
2022-03-03,0.08949827734321089,0.7,0.21050172265678915
2022-03-04,0.08949827734321089,0.7,0.21050172265678915
2022-03-07,0.08949827734321089,0.7,0.21050172265678915
2022-03-08,0.08949827734321089,0.7,0.21050172265678915
2022-03-09,0.08949827734321089,0.7,0.21050172265678915
2022-03-10,0.08949827734321089,0.7,0.21050172265678915
2022-03-11,0.08949827734321089,0.7,0.21050172265678915
2022-03-14,0.08949827734321089,0.7,0.21050172265678915
2022-03-15,0.08949827734321089,0.7,0.21050172265678915
2022-03-16,0.08949827734321089,0.7,0.21050172265678915
2022-03-17,0.08949827734321089,0.7,0.21050172265678915
2022-03-21,0.08949827734321089,0.7,0.21050172265678915
2022-03-22,0.08949827734321089,0.7,0.21050172265678915
2022-03-23,0.08949827734321089,0.7,0.21050172265678915
2022-03-24,0.08949827734321089,0.7,0.21050172265678915
2022-03-25,0.08949827734321089,0.7,0.21050172265678915
2022-03-28,0.08949827734321089,0.7,0.21050172265678915
2022-03-29,0.08949827734321089,0.7,0.21050172265678915
2022-03-30,0.11168387689923076,0.7,0.18831612310076926
2022-03-31,0.11168387689923076,0.7,0.18831612310076926
2022-04-01,0.11168387689923076,0.7,0.18831612310076926
2022-04-04,0.11168387689923076,0.7,0.18831612310076926
2022-04-05,0.11168387689923076,0.7,0.18831612310076926
2022-04-06,0.11168387689923076,0.7,0.18831612310076926
2022-04-07,0.11168387689923076,0.7,0.18831612310076926
2022-04-08,0.11168387689923076,0.7,0.18831612310076926
2022-04-11,0.11168387689923076,0.7,0.18831612310076926
2022-04-12,0.11168387689923076,0.7,0.18831612310076926
2022-04-13,0.11168387689923076,0.7,0.18831612310076926
2022-04-18,0.11168387689923076,0.7,0.18831612310076926
2022-04-19,0.11168387689923076,0.7,0.18831612310076926
2022-04-20,0.11168387689923076,0.7,0.18831612310076926
2022-04-21,0.11168387689923076,0.7,0.18831612310076926
2022-04-22,0.11168387689923076,0.7,0.18831612310076926
2022-04-25,0.11168387689923076,0.7,0.18831612310076926
2022-04-26,0.11168387689923076,0.7,0.18831612310076926
2022-04-27,0.11168387689923076,0.7,0.18831612310076926
2022-04-28,0.11168387689923076,0.7,0.18831612310076926
2022-04-29,0.11168387689923076,0.7,0.18831612310076926
2022-05-02,0.11168387689923076,0.7,0.18831612310076926
2022-05-04,0.11168387689923076,0.7,0.18831612310076926
2022-05-05,0.11168387689923076,0.7,0.18831612310076926
2022-05-06,0.11168387689923076,0.7,0.18831612310076926
2022-05-09,0.11168387689923076,0.7,0.18831612310076926
2022-05-10,0.11168387689923076,0.7,0.18831612310076926
2022-05-11,0.11168387689923076,0.7,0.18831612310076926
2022-05-12,0.11040492016783848,0.7,0.1895950798321616
2022-05-13,0.11040492016783848,0.7,0.1895950798321616
2022-05-16,0.11040492016783848,0.7,0.1895950798321616
2022-05-17,0.11040492016783848,0.7,0.1895950798321616
2022-05-18,0.11040492016783848,0.7,0.1895950798321616
2022-05-19,0.11040492016783848,0.7,0.1895950798321616
2022-05-20,0.11040492016783848,0.7,0.1895950798321616
2022-05-23,0.11040492016783848,0.7,0.1895950798321616
2022-05-24,0.11040492016783848,0.7,0.1895950798321616
2022-05-25,0.11040492016783848,0.7,0.1895950798321616
2022-05-26,0.11040492016783848,0.7,0.1895950798321616
2022-05-27,0.11040492016783848,0.7,0.1895950798321616
2022-05-30,0.11040492016783848,0.7,0.1895950798321616
2022-05-31,0.11040492016783848,0.7,0.1895950798321616
2022-06-01,0.11040492016783848,0.7,0.1895950798321616
2022-06-02,0.11040492016783848,0.7,0.1895950798321616
2022-06-03,0.11040492016783848,0.7,0.1895950798321616
2022-06-06,0.11040492016783848,0.7,0.1895950798321616
2022-06-07,0.11040492016783848,0.7,0.1895950798321616
2022-06-08,0.11040492016783848,0.7,0.1895950798321616
2022-06-09,0.11040492016783848,0.7,0.1895950798321616
2022-06-10,0.11040492016783848,0.7,0.1895950798321616
2022-06-13,0.11040492016783848,0.7,0.1895950798321616
2022-06-14,0.11040492016783848,0.7,0.1895950798321616
2022-06-15,0.11040492016783848,0.7,0.1895950798321616
2022-06-16,0.11040492016783848,0.7,0.1895950798321616
2022-06-17,0.05918057615582497,0.7,0.2408194238441751
2022-06-20,0.05918057615582497,0.7,0.2408194238441751
2022-06-21,0.05918057615582497,0.7,0.2408194238441751
2022-06-22,0.05918057615582497,0.7,0.2408194238441751
2022-06-23,0.05918057615582497,0.7,0.2408194238441751
2022-06-24,0.05918057615582497,0.7,0.2408194238441751
2022-06-27,0.05918057615582497,0.7,0.2408194238441751
2022-06-28,0.05918057615582497,0.7,0.2408194238441751
2022-06-29,0.05918057615582497,0.7,0.2408194238441751
2022-06-30,0.05918057615582497,0.7,0.2408194238441751
2022-07-01,0.05918057615582497,0.7,0.2408194238441751
2022-07-04,0.05918057615582497,0.7,0.2408194238441751
2022-07-05,0.05918057615582497,0.7,0.2408194238441751
2022-07-06,0.05918057615582497,0.7,0.2408194238441751
2022-07-07,0.05918057615582497,0.7,0.2408194238441751
2022-07-08,0.05918057615582497,0.7,0.2408194238441751
2022-07-11,0.05918057615582497,0.7,0.2408194238441751
2022-07-12,0.05918057615582497,0.7,0.2408194238441751
2022-07-13,0.05918057615582497,0.7,0.2408194238441751
2022-07-14,0.05918057615582497,0.7,0.2408194238441751
2022-07-15,0.05918057615582497,0.7,0.2408194238441751
2022-07-18,0.05918057615582497,0.7,0.2408194238441751
2022-07-19,0.05918057615582497,0.7,0.2408194238441751
2022-07-20,0.10457985535357185,0.7,0.19542014464642815
2022-07-21,0.10457985535357185,0.7,0.19542014464642815
2022-07-22,0.10457985535357185,0.7,0.19542014464642815
2022-07-25,0.10457985535357185,0.7,0.19542014464642815
2022-07-26,0.10457985535357185,0.7,0.19542014464642815
2022-07-27,0.10457985535357185,0.7,0.19542014464642815
2022-07-28,0.09578132722942,0.7,0.20421867277058003
2022-07-29,0.09578132722942,0.7,0.20421867277058003
2022-08-01,0.09578132722942,0.7,0.20421867277058003
2022-08-02,0.09578132722942,0.7,0.20421867277058003
2022-08-03,0.09578132722942,0.7,0.20421867277058003
2022-08-04,0.09578132722942,0.7,0.20421867277058003
2022-08-05,0.07250557398818598,0.7,0.227494426011814
2022-08-08,0.07250557398818598,0.7,0.227494426011814
2022-08-10,0.07250557398818598,0.7,0.227494426011814
2022-08-11,0.07250557398818598,0.7,0.227494426011814
2022-08-12,0.07250557398818598,0.7,0.227494426011814
2022-08-16,0.07250557398818598,0.7,0.227494426011814
2022-08-17,0.07250557398818598,0.7,0.227494426011814
2022-08-18,0.07250557398818598,0.7,0.227494426011814
2022-08-19,0.07250557398818598,0.7,0.227494426011814
2022-08-22,0.07250557398818598,0.7,0.227494426011814
2022-08-23,0.07250557398818598,0.7,0.227494426011814
2022-08-24,0.07250557398818598,0.7,0.227494426011814
2022-08-25,0.07250557398818598,0.7,0.227494426011814
2022-08-26,0.07250557398818598,0.7,0.227494426011814
2022-08-29,0.1089471552257333,0.7,0.1910528447742667
2022-08-30,0.1089471552257333,0.7,0.1910528447742667
2022-09-01,0.1089471552257333,0.7,0.1910528447742667
2022-09-02,0.1089471552257333,0.7,0.1910528447742667
2022-09-05,0.1089471552257333,0.7,0.1910528447742667
2022-09-06,0.1089471552257333,0.7,0.1910528447742667
2022-09-07,0.1089471552257333,0.7,0.1910528447742667
2022-09-08,0.1089471552257333,0.7,0.1910528447742667
2022-09-09,0.1089471552257333,0.7,0.1910528447742667
2022-09-12,0.1089471552257333,0.7,0.1910528447742667
2022-09-13,0.1089471552257333,0.7,0.1910528447742667
2022-09-14,0.1089471552257333,0.7,0.1910528447742667
2022-09-15,0.1089471552257333,0.7,0.1910528447742667
2022-09-16,0.1089471552257333,0.7,0.1910528447742667
2022-09-19,0.1089471552257333,0.7,0.1910528447742667
2022-09-20,0.1089471552257333,0.7,0.1910528447742667
2022-09-21,0.1089471552257333,0.7,0.1910528447742667
2022-09-22,0.1089471552257333,0.7,0.1910528447742667
2022-09-23,0.1089471552257333,0.7,0.1910528447742667
2022-09-26,0.1089471552257333,0.7,0.1910528447742667
2022-09-27,0.1089471552257333,0.7,0.1910528447742667
2022-09-28,0.1089471552257333,0.7,0.1910528447742667
2022-09-29,0.1089471552257333,0.7,0.1910528447742667
2022-09-30,0.1089471552257333,0.7,0.1910528447742667
2022-10-03,0.1089471552257333,0.7,0.1910528447742667
2022-10-04,0.1089471552257333,0.7,0.1910528447742667
2022-10-06,0.1089471552257333,0.7,0.1910528447742667
2022-10-07,0.1089471552257333,0.7,0.1910528447742667
2022-10-10,0.1089471552257333,0.7,0.1910528447742667
2022-10-11,0.1089471552257333,0.7,0.1910528447742667
2022-10-12,0.1089471552257333,0.7,0.1910528447742667
2022-10-13,0.1089471552257333,0.7,0.1910528447742667
2022-10-14,0.1089471552257333,0.7,0.1910528447742667
2022-10-17,0.1089471552257333,0.7,0.1910528447742667
2022-10-18,0.1089471552257333,0.7,0.1910528447742667
2022-10-19,0.1089471552257333,0.7,0.1910528447742667
2022-10-20,0.1089471552257333,0.7,0.1910528447742667
2022-10-21,0.1089471552257333,0.7,0.1910528447742667
2022-10-24,0.1089471552257333,0.7,0.1910528447742667
2022-10-25,0.1089471552257333,0.7,0.1910528447742667
2022-10-27,0.1089471552257333,0.7,0.1910528447742667
2022-10-28,0.1089471552257333,0.7,0.1910528447742667
2022-10-31,0.1089471552257333,0.7,0.1910528447742667
2022-11-01,0.1089471552257333,0.7,0.1910528447742667
2022-11-02,0.1089471552257333,0.7,0.1910528447742667
2022-11-03,0.1089471552257333,0.7,0.1910528447742667
2022-11-04,0.1089471552257333,0.7,0.1910528447742667
2022-11-07,0.1849509477187814,0.7,0.11504905228121864
2022-11-09,0.1849509477187814,0.7,0.11504905228121864
2022-11-10,0.1849509477187814,0.7,0.11504905228121864
2022-11-11,0.1849509477187814,0.7,0.11504905228121864
2022-11-14,0.1849509477187814,0.7,0.11504905228121864
2022-11-15,0.1849509477187814,0.7,0.11504905228121864
2022-11-16,0.1849509477187814,0.7,0.11504905228121864
2022-11-17,0.1849509477187814,0.7,0.11504905228121864
2022-11-18,0.1849509477187814,0.7,0.11504905228121864
2022-11-21,0.1849509477187814,0.7,0.11504905228121864
2022-11-22,0.1849509477187814,0.7,0.11504905228121864
2022-11-23,0.1849509477187814,0.7,0.11504905228121864
2022-11-24,0.1849509477187814,0.7,0.11504905228121864
2022-11-25,0.1849509477187814,0.7,0.11504905228121864
2022-11-28,0.1849509477187814,0.7,0.11504905228121864
2022-11-29,0.1849509477187814,0.7,0.11504905228121864
2022-11-30,0.1849509477187814,0.7,0.11504905228121864
2022-12-01,0.1849509477187814,0.7,0.11504905228121864
2022-12-02,0.1849509477187814,0.7,0.11504905228121864
2022-12-05,0.1849509477187814,0.7,0.11504905228121864
2022-12-06,0.1849509477187814,0.7,0.11504905228121864
2022-12-07,0.1849509477187814,0.7,0.11504905228121864
2022-12-08,0.1849509477187814,0.7,0.11504905228121864
2022-12-09,0.1849509477187814,0.7,0.11504905228121864
2022-12-12,0.1849509477187814,0.7,0.11504905228121864
2022-12-13,0.1849509477187814,0.7,0.11504905228121864
2022-12-14,0.1849509477187814,0.7,0.11504905228121864
2022-12-15,0.1849509477187814,0.7,0.11504905228121864
2022-12-16,0.1849509477187814,0.7,0.11504905228121864
2022-12-19,0.1849509477187814,0.7,0.11504905228121864
2022-12-20,0.1849509477187814,0.7,0.11504905228121864
2022-12-21,0.1849509477187814,0.7,0.11504905228121864
2022-12-22,0.1849509477187814,0.7,0.11504905228121864
2022-12-23,0.1849509477187814,0.7,0.11504905228121864
2022-12-26,0.1849509477187814,0.7,0.11504905228121864
2022-12-27,0.1849509477187814,0.7,0.11504905228121864
2022-12-28,0.1849509477187814,0.7,0.11504905228121864
2022-12-29,0.1849509477187814,0.7,0.11504905228121864
2022-12-30,0.1849509477187814,0.7,0.11504905228121864
2023-01-02,0.1849509477187814,0.7,0.11504905228121864
2023-01-03,0.1849509477187814,0.7,0.11504905228121864
2023-01-04,0.08217132546939661,0.7000000000000001,0.21782867453060342
2023-01-05,0.08217132546939661,0.7000000000000001,0.21782867453060342
2023-01-06,0.08217132546939661,0.7000000000000001,0.21782867453060342
2023-01-09,0.08217132546939661,0.7000000000000001,0.21782867453060342
2023-01-10,0.08217132546939661,0.7000000000000001,0.21782867453060342
2023-01-11,0.08217132546939661,0.7000000000000001,0.21782867453060342
2023-01-12,0.08217132546939661,0.7000000000000001,0.21782867453060342
2023-01-13,0.08217132546939661,0.7000000000000001,0.21782867453060342
2023-01-16,0.08217132546939661,0.7000000000000001,0.21782867453060342
2023-01-17,0.08217132546939661,0.7000000000000001,0.21782867453060342
2023-01-18,0.08217132546939661,0.7000000000000001,0.21782867453060342
2023-01-19,0.3382442191393377,3.4044935446510267e-18,0.6617557808606623
2023-01-20,0.3382442191393377,3.4044935446510267e-18,0.6617557808606623
2023-01-23,0.3382442191393377,3.4044935446510267e-18,0.6617557808606623
2023-01-24,0.3382442191393377,3.4044935446510267e-18,0.6617557808606623
2023-01-25,0.3382442191393377,3.4044935446510267e-18,0.6617557808606623
2023-01-27,0.3382442191393377,3.4044935446510267e-18,0.6617557808606623
2023-01-30,0.3382442191393377,3.4044935446510267e-18,0.6617557808606623
2023-01-31,0.3382442191393377,3.4044935446510267e-18,0.6617557808606623
2023-02-01,0.3382442191393377,3.4044935446510267e-18,0.6617557808606623
2023-02-02,0.3382442191393377,3.4044935446510267e-18,0.6617557808606623
2023-02-03,0.08847107641131154,0.7,0.21152892358868855
2023-02-06,0.08847107641131154,0.7,0.21152892358868855
2023-02-07,0.08847107641131154,0.7,0.21152892358868855
2023-02-08,0.08847107641131154,0.7,0.21152892358868855
2023-02-09,0.08847107641131154,0.7,0.21152892358868855
2023-02-10,0.08847107641131154,0.7,0.21152892358868855
2023-02-13,7.023502118728154e-07,0.6788892412362593,0.3211100564135289
2023-02-14,7.023502118728154e-07,0.6788892412362593,0.3211100564135289
2023-02-15,7.023502118728154e-07,0.6788892412362593,0.3211100564135289
2023-02-16,7.023502118728154e-07,0.6788892412362593,0.3211100564135289
2023-02-17,7.023502118728154e-07,0.6788892412362593,0.3211100564135289
2023-02-20,7.023502118728154e-07,0.6788892412362593,0.3211100564135289
2023-02-21,7.023502118728154e-07,0.6788892412362593,0.3211100564135289
2023-02-22,7.023502118728154e-07,0.6788892412362593,0.3211100564135289
2023-02-23,7.023502118728154e-07,0.6788892412362593,0.3211100564135289
2023-02-24,7.023502118728154e-07,0.6788892412362593,0.3211100564135289
2023-02-27,7.023502118728154e-07,0.6788892412362593,0.3211100564135289
2023-02-28,7.023502118728154e-07,0.6788892412362593,0.3211100564135289
2023-03-01,7.023502118728154e-07,0.6788892412362593,0.3211100564135289
2023-03-02,7.023502118728154e-07,0.6788892412362593,0.3211100564135289
2023-03-03,7.023502118728154e-07,0.6788892412362593,0.3211100564135289
2023-03-06,7.023502118728154e-07,0.6788892412362593,0.3211100564135289
2023-03-08,7.023502118728154e-07,0.6788892412362593,0.3211100564135289
2023-03-09,7.023502118728154e-07,0.6788892412362593,0.3211100564135289
2023-03-10,0.12040351795903671,0.7,0.1795964820409633
2023-03-13,0.12040351795903671,0.7,0.1795964820409633
2023-03-14,0.12040351795903671,0.7,0.1795964820409633
2023-03-15,0.12040351795903671,0.7,0.1795964820409633
2023-03-16,0.12040351795903671,0.7,0.1795964820409633
2023-03-17,0.12040351795903671,0.7,0.1795964820409633
2023-03-20,0.12040351795903671,0.7,0.1795964820409633
2023-03-21,0.12040351795903671,0.7,0.1795964820409633
2023-03-22,0.12040351795903671,0.7,0.1795964820409633
2023-03-23,0.12040351795903671,0.7,0.1795964820409633
2023-03-24,0.12040351795903671,0.7,0.1795964820409633
2023-03-27,0.12040351795903671,0.7,0.1795964820409633
2023-03-28,0.12040351795903671,0.7,0.1795964820409633
2023-03-29,0.12040351795903671,0.7,0.1795964820409633
2023-03-31,0.12040351795903671,0.7,0.1795964820409633
2023-04-03,0.12040351795903671,0.7,0.1795964820409633
2023-04-05,0.12040351795903671,0.7,0.1795964820409633
2023-04-06,2.4898897532696383e-24,0.6586731618208873,0.34132683817911275
2023-04-10,2.4898897532696383e-24,0.6586731618208873,0.34132683817911275
2023-04-11,2.4898897532696383e-24,0.6586731618208873,0.34132683817911275
2023-04-12,2.4898897532696383e-24,0.6586731618208873,0.34132683817911275
2023-04-13,2.4898897532696383e-24,0.6586731618208873,0.34132683817911275
2023-04-17,2.4898897532696383e-24,0.6586731618208873,0.34132683817911275
2023-04-18,2.4898897532696383e-24,0.6586731618208873,0.34132683817911275
2023-04-19,2.4898897532696383e-24,0.6586731618208873,0.34132683817911275
2023-04-20,2.4898897532696383e-24,0.6586731618208873,0.34132683817911275
2023-04-21,2.4898897532696383e-24,0.6586731618208873,0.34132683817911275
2023-04-24,2.4898897532696383e-24,0.6586731618208873,0.34132683817911275
2023-04-25,2.4898897532696383e-24,0.6586731618208873,0.34132683817911275
2023-04-26,2.4898897532696383e-24,0.6586731618208873,0.34132683817911275
2023-04-27,2.4898897532696383e-24,0.6586731618208873,0.34132683817911275
2023-04-28,2.4898897532696383e-24,0.6586731618208873,0.34132683817911275
2023-05-02,2.4898897532696383e-24,0.6586731618208873,0.34132683817911275
2023-05-03,2.4898897532696383e-24,0.6586731618208873,0.34132683817911275
2023-05-04,2.4898897532696383e-24,0.6586731618208873,0.34132683817911275
2023-05-05,2.4898897532696383e-24,0.6586731618208873,0.34132683817911275
2023-05-08,2.4898897532696383e-24,0.6586731618208873,0.34132683817911275
2023-05-09,2.4898897532696383e-24,0.6586731618208873,0.34132683817911275
2023-05-10,2.4898897532696383e-24,0.6586731618208873,0.34132683817911275
2023-05-11,0.15615287482499743,0.7,0.14384712517500267
2023-05-12,0.15615287482499743,0.7,0.14384712517500267
2023-05-15,0.15615287482499743,0.7,0.14384712517500267
2023-05-16,0.15615287482499743,0.7,0.14384712517500267
2023-05-17,0.15615287482499743,0.7,0.14384712517500267
2023-05-18,0.15615287482499743,0.7,0.14384712517500267
2023-05-19,0.04937031346780566,0.7,0.2506296865321944
2023-05-22,0.04937031346780566,0.7,0.2506296865321944
2023-05-23,0.04937031346780566,0.7,0.2506296865321944
2023-05-24,0.04937031346780566,0.7,0.2506296865321944
2023-05-25,0.04937031346780566,0.7,0.2506296865321944
2023-05-26,0.04937031346780566,0.7,0.2506296865321944
2023-05-29,0.04937031346780566,0.7,0.2506296865321944
2023-05-30,0.04937031346780566,0.7,0.2506296865321944
2023-05-31,0.04937031346780566,0.7,0.2506296865321944
2023-06-01,0.04937031346780566,0.7,0.2506296865321944
2023-06-02,0.04937031346780566,0.7,0.2506296865321944
2023-06-05,0.04937031346780566,0.7,0.2506296865321944
2023-06-06,0.04937031346780566,0.7,0.2506296865321944
2023-06-07,0.04937031346780566,0.7,0.2506296865321944
2023-06-08,0.04937031346780566,0.7,0.2506296865321944
2023-06-09,0.04937031346780566,0.7,0.2506296865321944
2023-06-12,0.04937031346780566,0.7,0.2506296865321944
2023-06-13,0.04937031346780566,0.7,0.2506296865321944
2023-06-14,0.04937031346780566,0.7,0.2506296865321944
2023-06-15,0.04937031346780566,0.7,0.2506296865321944
2023-06-16,0.04937031346780566,0.7,0.2506296865321944
2023-06-19,0.04937031346780566,0.7,0.2506296865321944
2023-06-20,0.04937031346780566,0.7,0.2506296865321944
2023-06-21,0.04937031346780566,0.7,0.2506296865321944
2023-06-22,0.04937031346780566,0.7,0.2506296865321944
2023-06-23,0.04937031346780566,0.7,0.2506296865321944
2023-06-26,0.04937031346780566,0.7,0.2506296865321944
2023-06-27,0.04937031346780566,0.7,0.2506296865321944
2023-06-28,0.04937031346780566,0.7,0.2506296865321944
2023-06-30,0.04937031346780566,0.7,0.2506296865321944
2023-07-03,0.04937031346780566,0.7,0.2506296865321944
2023-07-04,0.04937031346780566,0.7,0.2506296865321944
2023-07-05,0.04937031346780566,0.7,0.2506296865321944
2023-07-06,0.04937031346780566,0.7,0.2506296865321944
2023-07-07,0.04937031346780566,0.7,0.2506296865321944
2023-07-10,0.04937031346780566,0.7,0.2506296865321944
2023-07-11,0.04937031346780566,0.7,0.2506296865321944
2023-07-12,0.04937031346780566,0.7,0.2506296865321944
2023-07-13,0.04937031346780566,0.7,0.2506296865321944
2023-07-14,0.04937031346780566,0.7,0.2506296865321944
2023-07-17,0.04937031346780566,0.7,0.2506296865321944
2023-07-18,0.04937031346780566,0.7,0.2506296865321944
2023-07-19,0.04937031346780566,0.7,0.2506296865321944
2023-07-20,0.04937031346780566,0.7,0.2506296865321944
2023-07-21,0.04937031346780566,0.7,0.2506296865321944
2023-07-24,0.04937031346780566,0.7,0.2506296865321944
2023-07-25,0.04937031346780566,0.7,0.2506296865321944
2023-07-26,0.04937031346780566,0.7,0.2506296865321944
2023-07-27,0.04937031346780566,0.7,0.2506296865321944
2023-07-28,0.04937031346780566,0.7,0.2506296865321944
2023-07-31,0.04937031346780566,0.7,0.2506296865321944
2023-08-01,0.04937031346780566,0.7,0.2506296865321944
2023-08-02,0.04937031346780566,0.7,0.2506296865321944
2023-08-03,0.04937031346780566,0.7,0.2506296865321944
2023-08-04,0.04937031346780566,0.7,0.2506296865321944
2023-08-07,0.04937031346780566,0.7,0.2506296865321944
2023-08-08,0.04937031346780566,0.7,0.2506296865321944
2023-08-09,0.04937031346780566,0.7,0.2506296865321944
2023-08-10,0.04937031346780566,0.7,0.2506296865321944
2023-08-11,0.04937031346780566,0.7,0.2506296865321944
2023-08-14,0.04937031346780566,0.7,0.2506296865321944
2023-08-16,0.04937031346780566,0.7,0.2506296865321944
2023-08-17,0.04937031346780566,0.7,0.2506296865321944
2023-08-18,0.04937031346780566,0.7,0.2506296865321944
2023-08-21,0.04937031346780566,0.7,0.2506296865321944
2023-08-22,0.04937031346780566,0.7,0.2506296865321944
2023-08-23,0.04937031346780566,0.7,0.2506296865321944
2023-08-24,0.04937031346780566,0.7,0.2506296865321944
2023-08-25,0.04937031346780566,0.7,0.2506296865321944
2023-08-28,0.04937031346780566,0.7,0.2506296865321944
2023-08-29,0.04937031346780566,0.7,0.2506296865321944
2023-08-30,0.04937031346780566,0.7,0.2506296865321944
2023-08-31,0.04937031346780566,0.7,0.2506296865321944
2023-09-01,0.04937031346780566,0.7,0.2506296865321944
2023-09-04,0.04937031346780566,0.7,0.2506296865321944
2023-09-05,0.04937031346780566,0.7,0.2506296865321944
2023-09-06,0.04937031346780566,0.7,0.2506296865321944
2023-09-07,0.04937031346780566,0.7,0.2506296865321944
2023-09-08,0.04937031346780566,0.7,0.2506296865321944
2023-09-11,0.04937031346780566,0.7,0.2506296865321944
2023-09-12,0.04937031346780566,0.7,0.2506296865321944
2023-09-13,0.04937031346780566,0.7,0.2506296865321944
2023-09-14,0.04937031346780566,0.7,0.2506296865321944
2023-09-15,0.04937031346780566,0.7,0.2506296865321944
2023-09-18,0.04937031346780566,0.7,0.2506296865321944
2023-09-20,0.04937031346780566,0.7,0.2506296865321944
2023-09-21,0.04937031346780566,0.7,0.2506296865321944
2023-09-22,0.04937031346780566,0.7,0.2506296865321944
2023-09-25,0.04937031346780566,0.7,0.2506296865321944
2023-09-26,0.04937031346780566,0.7,0.2506296865321944
2023-09-27,0.04937031346780566,0.7,0.2506296865321944
2023-09-28,0.04937031346780566,0.7,0.2506296865321944
2023-09-29,0.04937031346780566,0.7,0.2506296865321944
2023-10-03,0.04937031346780566,0.7,0.2506296865321944
2023-10-04,0.04937031346780566,0.7,0.2506296865321944
2023-10-05,0.04937031346780566,0.7,0.2506296865321944
2023-10-06,0.04937031346780566,0.7,0.2506296865321944
2023-10-09,0.04937031346780566,0.7,0.2506296865321944
2023-10-10,0.04937031346780566,0.7,0.2506296865321944
2023-10-11,0.04937031346780566,0.7,0.2506296865321944
2023-10-12,0.04937031346780566,0.7,0.2506296865321944
2023-10-13,0.04937031346780566,0.7,0.2506296865321944
2023-10-16,0.04937031346780566,0.7,0.2506296865321944
2023-10-17,0.04937031346780566,0.7,0.2506296865321944
2023-10-18,0.04937031346780566,0.7,0.2506296865321944
2023-10-19,0.04937031346780566,0.7,0.2506296865321944
2023-10-20,0.04937031346780566,0.7,0.2506296865321944
2023-10-23,0.04937031346780566,0.7,0.2506296865321944
2023-10-25,0.04937031346780566,0.7,0.2506296865321944
2023-10-26,0.04937031346780566,0.7,0.2506296865321944
2023-10-27,0.04937031346780566,0.7,0.2506296865321944
2023-10-30,0.04937031346780566,0.7,0.2506296865321944
2023-10-31,0.04937031346780566,0.7,0.2506296865321944
2023-11-01,0.04937031346780566,0.7,0.2506296865321944
2023-11-02,0.04937031346780566,0.7,0.2506296865321944
2023-11-03,0.04937031346780566,0.7,0.2506296865321944
2023-11-06,0.04937031346780566,0.7,0.2506296865321944
2023-11-07,0.04937031346780566,0.7,0.2506296865321944
2023-11-08,0.04937031346780566,0.7,0.2506296865321944
2023-11-09,0.04937031346780566,0.7,0.2506296865321944
2023-11-10,0.04937031346780566,0.7,0.2506296865321944
2023-11-13,0.04937031346780566,0.7,0.2506296865321944
2023-11-15,0.04937031346780566,0.7,0.2506296865321944
2023-11-16,0.04937031346780566,0.7,0.2506296865321944
2023-11-17,0.04937031346780566,0.7,0.2506296865321944
2023-11-20,0.04937031346780566,0.7,0.2506296865321944
2023-11-21,0.04937031346780566,0.7,0.2506296865321944
2023-11-22,0.04937031346780566,0.7,0.2506296865321944
2023-11-23,0.04937031346780566,0.7,0.2506296865321944
2023-11-24,0.04937031346780566,0.7,0.2506296865321944
2023-11-28,0.04937031346780566,0.7,0.2506296865321944
2023-11-29,0.04937031346780566,0.7,0.2506296865321944
2023-11-30,0.04937031346780566,0.7,0.2506296865321944
2023-12-01,0.04937031346780566,0.7,0.2506296865321944
2023-12-04,0.04937031346780566,0.7,0.2506296865321944
2023-12-05,0.04937031346780566,0.7,0.2506296865321944
2023-12-06,0.04937031346780566,0.7,0.2506296865321944
2023-12-07,0.04937031346780566,0.7,0.2506296865321944
2023-12-08,0.04937031346780566,0.7,0.2506296865321944
2023-12-11,0.04937031346780566,0.7,0.2506296865321944
2023-12-12,0.04937031346780566,0.7,0.2506296865321944
2023-12-13,0.04937031346780566,0.7,0.2506296865321944
2023-12-14,0.04937031346780566,0.7,0.2506296865321944
2023-12-15,0.04937031346780566,0.7,0.2506296865321944
2023-12-18,0.04937031346780566,0.7,0.2506296865321944
2023-12-19,0.04937031346780566,0.7,0.2506296865321944
2023-12-20,0.04937031346780566,0.7,0.2506296865321944
2023-12-21,0.04937031346780566,0.7,0.2506296865321944
2023-12-22,0.04937031346780566,0.7,0.2506296865321944
2023-12-26,0.04937031346780566,0.7,0.2506296865321944
2023-12-27,0.04937031346780566,0.7,0.2506296865321944
2023-12-28,0.04937031346780566,0.7,0.2506296865321944
2023-12-29,0.04937031346780566,0.7,0.2506296865321944
2024-01-01,0.04937031346780566,0.7,0.2506296865321944
2024-01-02,0.04937031346780566,0.7,0.2506296865321944
2024-01-03,0.04937031346780566,0.7,0.2506296865321944
2024-01-04,0.04937031346780566,0.7,0.2506296865321944
2024-01-05,0.04937031346780566,0.7,0.2506296865321944
2024-01-08,0.04937031346780566,0.7,0.2506296865321944
2024-01-09,0.04937031346780566,0.7,0.2506296865321944
2024-01-10,0.04937031346780566,0.7,0.2506296865321944
2024-01-11,0.04937031346780566,0.7,0.2506296865321944
2024-01-12,0.04937031346780566,0.7,0.2506296865321944
2024-01-15,0.04937031346780566,0.7,0.2506296865321944
2024-01-16,0.04937031346780566,0.7,0.2506296865321944
2024-01-17,0.12816538746702918,0.7,0.17183461253297086
2024-01-18,0.12816538746702918,0.7,0.17183461253297086
2024-01-19,0.12816538746702918,0.7,0.17183461253297086
2024-01-23,0.12816538746702918,0.7,0.17183461253297086
2024-01-24,0.12816538746702918,0.7,0.17183461253297086
2024-01-25,0.12816538746702918,0.7,0.17183461253297086
2024-01-29,0.12816538746702918,0.7,0.17183461253297086
2024-01-30,0.12816538746702918,0.7,0.17183461253297086
2024-01-31,0.12816538746702918,0.7,0.17183461253297086
2024-02-01,0.12816538746702918,0.7,0.17183461253297086
2024-02-02,0.12816538746702918,0.7,0.17183461253297086
2024-02-05,0.12816538746702918,0.7,0.17183461253297086
2024-02-06,0.12816538746702918,0.7,0.17183461253297086
2024-02-07,0.12816538746702918,0.7,0.17183461253297086
2024-02-08,0.12816538746702918,0.7,0.17183461253297086
2024-02-09,0.12816538746702918,0.7,0.17183461253297086
2024-02-12,0.12816538746702918,0.7,0.17183461253297086
2024-02-13,0.12816538746702918,0.7,0.17183461253297086
2024-02-14,0.12816538746702918,0.7,0.17183461253297086
2024-02-15,0.12816538746702918,0.7,0.17183461253297086
2024-02-16,0.12816538746702918,0.7,0.17183461253297086
2024-02-19,0.12816538746702918,0.7,0.17183461253297086
2024-02-20,0.12816538746702918,0.7,0.17183461253297086
2024-02-21,0.12816538746702918,0.7,0.17183461253297086
2024-02-22,0.40827895619290383,0.5114952077521876,0.08022583605490867
2024-02-23,0.40827895619290383,0.5114952077521876,0.08022583605490867
2024-02-26,0.40827895619290383,0.5114952077521876,0.08022583605490867
2024-02-27,0.40827895619290383,0.5114952077521876,0.08022583605490867
2024-02-28,0.40827895619290383,0.5114952077521876,0.08022583605490867
2024-02-29,0.40827895619290383,0.5114952077521876,0.08022583605490867
2024-03-01,0.40827895619290383,0.5114952077521876,0.08022583605490867
2024-03-04,0.40827895619290383,0.5114952077521876,0.08022583605490867
2024-03-05,0.40827895619290383,0.5114952077521876,0.08022583605490867
2024-03-06,0.40827895619290383,0.5114952077521876,0.08022583605490867
2024-03-07,0.40827895619290383,0.5114952077521876,0.08022583605490867
2024-03-11,0.40827895619290383,0.5114952077521876,0.08022583605490867
2024-03-12,0.40827895619290383,0.5114952077521876,0.08022583605490867
2024-03-13,0.40827895619290383,0.5114952077521876,0.08022583605490867
2024-03-14,0.40827895619290383,0.5114952077521876,0.08022583605490867
2024-03-15,0.40827895619290383,0.5114952077521876,0.08022583605490867
2024-03-18,0.40827895619290383,0.5114952077521876,0.08022583605490867
2024-03-19,0.40827895619290383,0.5114952077521876,0.08022583605490867
2024-03-20,0.40827895619290383,0.5114952077521876,0.08022583605490867
2024-03-21,0.40827895619290383,0.5114952077521876,0.08022583605490867
2024-03-22,0.40827895619290383,0.5114952077521876,0.08022583605490867
2024-03-26,0.40827895619290383,0.5114952077521876,0.08022583605490867
2024-03-27,0.40827895619290383,0.5114952077521876,0.08022583605490867
2024-03-28,0.40827895619290383,0.5114952077521876,0.08022583605490867
2024-04-01,0.40827895619290383,0.5114952077521876,0.08022583605490867
2024-04-02,0.40827895619290383,0.5114952077521876,0.08022583605490867
2024-04-03,0.40827895619290383,0.5114952077521876,0.08022583605490867
2024-04-04,0.40827895619290383,0.5114952077521876,0.08022583605490867
2024-04-05,0.40827895619290383,0.5114952077521876,0.08022583605490867
2024-04-08,0.40827895619290383,0.5114952077521876,0.08022583605490867
2024-04-09,0.40827895619290383,0.5114952077521876,0.08022583605490867
2024-04-10,0.40827895619290383,0.5114952077521876,0.08022583605490867
2024-04-12,0.40827895619290383,0.5114952077521876,0.08022583605490867
2024-04-15,0.40827895619290383,0.5114952077521876,0.08022583605490867
2024-04-16,0.40827895619290383,0.5114952077521876,0.08022583605490867
2024-04-18,0.40827895619290383,0.5114952077521876,0.08022583605490867
2024-04-19,0.40827895619290383,0.5114952077521876,0.08022583605490867
2024-04-22,0.40827895619290383,0.5114952077521876,0.08022583605490867
2024-04-23,0.40827895619290383,0.5114952077521876,0.08022583605490867
2024-04-24,0.40827895619290383,0.5114952077521876,0.08022583605490867
2024-04-25,0.40827895619290383,0.5114952077521876,0.08022583605490867
2024-04-26,0.40827895619290383,0.5114952077521876,0.08022583605490867
2024-04-29,0.40827895619290383,0.5114952077521876,0.08022583605490867
2024-04-30,0.40827895619290383,0.5114952077521876,0.08022583605490867
2024-05-02,0.40827895619290383,0.5114952077521876,0.08022583605490867
2024-05-03,0.40827895619290383,0.5114952077521876,0.08022583605490867
2024-05-06,0.40827895619290383,0.5114952077521876,0.08022583605490867
2024-05-07,0.40827895619290383,0.5114952077521876,0.08022583605490867
2024-05-08,0.40827895619290383,0.5114952077521876,0.08022583605490867
2024-05-09,0.40827895619290383,0.5114952077521876,0.08022583605490867
2024-05-10,0.40827895619290383,0.5114952077521876,0.08022583605490867
2024-05-13,0.40827895619290383,0.5114952077521876,0.08022583605490867
2024-05-14,0.40827895619290383,0.5114952077521876,0.08022583605490867
2024-05-15,0.40827895619290383,0.5114952077521876,0.08022583605490867
2024-05-16,0.40827895619290383,0.5114952077521876,0.08022583605490867
2024-05-17,0.40827895619290383,0.5114952077521876,0.08022583605490867
2024-05-21,0.40827895619290383,0.5114952077521876,0.08022583605490867
2024-05-22,0.1677253298194046,0.7,0.13227467018059544
2024-05-23,0.1677253298194046,0.7,0.13227467018059544
2024-05-24,0.1677253298194046,0.7,0.13227467018059544
2024-05-27,0.1677253298194046,0.7,0.13227467018059544
2024-05-28,0.1677253298194046,0.7,0.13227467018059544
2024-05-29,0.1677253298194046,0.7,0.13227467018059544
2024-05-30,0.49011406392409246,0.0,0.5098859360759076
2024-05-31,0.49011406392409246,0.0,0.5098859360759076
2024-06-03,0.49011406392409246,0.0,0.5098859360759076
2024-06-04,0.49011406392409246,0.0,0.5098859360759076
2024-06-05,0.49011406392409246,0.0,0.5098859360759076
2024-06-06,0.49011406392409246,0.0,0.5098859360759076
2024-06-07,0.11697397330384991,0.7,0.1830260266961501
2024-06-10,0.11697397330384991,0.7,0.1830260266961501
2024-06-11,0.11697397330384991,0.7,0.1830260266961501
2024-06-12,0.11697397330384991,0.7,0.1830260266961501
2024-06-13,0.11697397330384991,0.7,0.1830260266961501
2024-06-14,0.11697397330384991,0.7,0.1830260266961501
2024-06-18,0.11697397330384991,0.7,0.1830260266961501
2024-06-19,0.11697397330384991,0.7,0.1830260266961501
2024-06-20,0.11697397330384991,0.7,0.1830260266961501
2024-06-21,0.11697397330384991,0.7,0.1830260266961501
2024-06-24,0.11697397330384991,0.7,0.1830260266961501
2024-06-25,0.11697397330384991,0.7,0.1830260266961501
2024-06-26,0.11697397330384991,0.7,0.1830260266961501
2024-06-27,0.11697397330384991,0.7,0.1830260266961501
2024-06-28,0.11697397330384991,0.7,0.1830260266961501
2024-07-01,0.11697397330384991,0.7,0.1830260266961501
2024-07-02,0.11697397330384991,0.7,0.1830260266961501
2024-07-03,0.11697397330384991,0.7,0.1830260266961501
2024-07-04,0.11955926747475232,0.7,0.1804407325252477
2024-07-05,0.11955926747475232,0.7,0.1804407325252477
2024-07-08,0.11955926747475232,0.7,0.1804407325252477
2024-07-09,0.11955926747475232,0.7,0.1804407325252477
2024-07-10,0.11955926747475232,0.7,0.1804407325252477
2024-07-11,0.11955926747475232,0.7,0.1804407325252477
2024-07-12,0.3567693358936493,5.958885864231918e-20,0.6432306641063508
2024-07-15,0.3567693358936493,5.958885864231918e-20,0.6432306641063508
2024-07-16,0.3567693358936493,5.958885864231918e-20,0.6432306641063508
2024-07-18,0.3567693358936493,5.958885864231918e-20,0.6432306641063508
2024-07-19,0.3567693358936493,5.958885864231918e-20,0.6432306641063508
2024-07-22,0.3567693358936493,5.958885864231918e-20,0.6432306641063508
2024-07-23,0.3567693358936493,5.958885864231918e-20,0.6432306641063508
2024-07-24,0.3567693358936493,5.958885864231918e-20,0.6432306641063508
2024-07-25,0.3567693358936493,5.958885864231918e-20,0.6432306641063508
2024-07-26,0.3567693358936493,5.958885864231918e-20,0.6432306641063508
2024-07-29,0.3567693358936493,5.958885864231918e-20,0.6432306641063508
2024-07-30,0.3567693358936493,5.958885864231918e-20,0.6432306641063508
2024-07-31,0.3567693358936493,5.958885864231918e-20,0.6432306641063508
2024-08-01,0.3567693358936493,5.958885864231918e-20,0.6432306641063508
2024-08-02,0.3567693358936493,5.958885864231918e-20,0.6432306641063508
2024-08-05,0.14118966002515165,0.7,0.1588103399748484
2024-08-06,0.14118966002515165,0.7,0.1588103399748484
2024-08-07,0.14118966002515165,0.7,0.1588103399748484
2024-08-08,0.14118966002515165,0.7,0.1588103399748484
2024-08-09,0.14118966002515165,0.7,0.1588103399748484
2024-08-12,0.14118966002515165,0.7,0.1588103399748484
2024-08-13,0.14118966002515165,0.7,0.1588103399748484
2024-08-14,0.14118966002515165,0.7,0.1588103399748484
2024-08-16,0.14118966002515165,0.7,0.1588103399748484
2024-08-19,0.14118966002515165,0.7,0.1588103399748484
2024-08-20,0.14118966002515165,0.7,0.1588103399748484
2024-08-21,0.14118966002515165,0.7,0.1588103399748484
2024-08-22,0.4589054682719059,2.3890429460641098e-21,0.5410945317280941
2024-08-23,0.4589054682719059,2.3890429460641098e-21,0.5410945317280941
2024-08-26,0.4589054682719059,2.3890429460641098e-21,0.5410945317280941
2024-08-27,0.4589054682719059,2.3890429460641098e-21,0.5410945317280941
2024-08-28,0.4589054682719059,2.3890429460641098e-21,0.5410945317280941
2024-08-29,0.4589054682719059,2.3890429460641098e-21,0.5410945317280941
2024-08-30,0.14043196309308636,0.7,0.15956803690691365
2024-09-02,0.14043196309308636,0.7,0.15956803690691365
2024-09-03,0.14043196309308636,0.7,0.15956803690691365
2024-09-04,0.14043196309308636,0.7,0.15956803690691365
2024-09-05,0.14043196309308636,0.7,0.15956803690691365
2024-09-06,0.14043196309308636,0.7,0.15956803690691365
2024-09-09,0.4283554532884439,5.211689084269696e-21,0.5716445467115562
2024-09-10,0.4283554532884439,5.211689084269696e-21,0.5716445467115562
2024-09-11,0.4283554532884439,5.211689084269696e-21,0.5716445467115562
2024-09-12,0.4283554532884439,5.211689084269696e-21,0.5716445467115562
2024-09-13,0.4283554532884439,5.211689084269696e-21,0.5716445467115562
2024-09-16,0.4283554532884439,5.211689084269696e-21,0.5716445467115562
2024-09-17,0.4283554532884439,5.211689084269696e-21,0.5716445467115562
2024-09-18,0.4283554532884439,5.211689084269696e-21,0.5716445467115562
2024-09-19,0.4283554532884439,5.211689084269696e-21,0.5716445467115562
2024-09-20,0.4283554532884439,5.211689084269696e-21,0.5716445467115562
2024-09-23,0.4283554532884439,5.211689084269696e-21,0.5716445467115562
2024-09-24,0.4283554532884439,5.211689084269696e-21,0.5716445467115562
2024-09-25,0.4283554532884439,5.211689084269696e-21,0.5716445467115562
2024-09-26,0.4283554532884439,5.211689084269696e-21,0.5716445467115562
2024-09-27,0.4283554532884439,5.211689084269696e-21,0.5716445467115562
2024-09-30,0.4283554532884439,5.211689084269696e-21,0.5716445467115562
2024-10-01,0.4283554532884439,5.211689084269696e-21,0.5716445467115562
2024-10-03,0.13886455963978522,0.7,0.16113544036021488
2024-10-04,0.13886455963978522,0.7,0.16113544036021488
2024-10-07,0.13886455963978522,0.7,0.16113544036021488
2024-10-08,0.13886455963978522,0.7,0.16113544036021488
2024-10-09,0.13886455963978522,0.7,0.16113544036021488
2024-10-10,0.13886455963978522,0.7,0.16113544036021488
2024-10-11,0.13886455963978522,0.7,0.16113544036021488
2024-10-14,0.13886455963978522,0.7,0.16113544036021488
2024-10-15,0.13886455963978522,0.7,0.16113544036021488
2024-10-16,0.13886455963978522,0.7,0.16113544036021488
2024-10-17,0.13886455963978522,0.7,0.16113544036021488
2024-10-18,0.13886455963978522,0.7,0.16113544036021488
2024-10-21,0.13886455963978522,0.7,0.16113544036021488
2024-10-22,0.13886455963978522,0.7,0.16113544036021488
2024-10-23,0.13886455963978522,0.7,0.16113544036021488
2024-10-24,0.13886455963978522,0.7,0.16113544036021488
2024-10-25,0.13886455963978522,0.7,0.16113544036021488
2024-10-28,0.13886455963978522,0.7,0.16113544036021488
2024-10-29,0.13886455963978522,0.7,0.16113544036021488
2024-10-30,0.13886455963978522,0.7,0.16113544036021488
2024-10-31,0.13886455963978522,0.7,0.16113544036021488
2024-11-01,0.13886455963978522,0.7,0.16113544036021488
2024-11-04,0.13886455963978522,0.7,0.16113544036021488
2024-11-05,0.13886455963978522,0.7,0.16113544036021488
2024-11-06,0.13886455963978522,0.7,0.16113544036021488
2024-11-07,0.13886455963978522,0.7,0.16113544036021488
2024-11-08,0.13886455963978522,0.7,0.16113544036021488
2024-11-11,0.13886455963978522,0.7,0.16113544036021488
2024-11-12,0.13886455963978522,0.7,0.16113544036021488
2024-11-13,0.13886455963978522,0.7,0.16113544036021488
2024-11-14,0.13886455963978522,0.7,0.16113544036021488
2024-11-18,0.13886455963978522,0.7,0.16113544036021488
2024-11-19,0.13886455963978522,0.7,0.16113544036021488
2024-11-21,0.13886455963978522,0.7,0.16113544036021488
2024-11-22,0.13886455963978522,0.7,0.16113544036021488
2024-11-25,0.13886455963978522,0.7,0.16113544036021488
2024-11-26,0.13886455963978522,0.7,0.16113544036021488
2024-11-27,0.13886455963978522,0.7,0.16113544036021488
2024-11-28,0.13886455963978522,0.7,0.16113544036021488
2024-11-29,0.13886455963978522,0.7,0.16113544036021488
2024-12-02,0.13886455963978522,0.7,0.16113544036021488
2024-12-03,0.13886455963978522,0.7,0.16113544036021488
2024-12-04,0.13886455963978522,0.7,0.16113544036021488
2024-12-05,0.13886455963978522,0.7,0.16113544036021488
2024-12-06,0.13886455963978522,0.7,0.16113544036021488
2024-12-09,0.13886455963978522,0.7,0.16113544036021488
2024-12-10,0.13886455963978522,0.7,0.16113544036021488
2024-12-11,0.13886455963978522,0.7,0.16113544036021488
2024-12-12,0.13886455963978522,0.7,0.16113544036021488
2024-12-13,0.13886455963978522,0.7,0.16113544036021488
2024-12-16,0.13886455963978522,0.7,0.16113544036021488
2024-12-17,0.13886455963978522,0.7,0.16113544036021488
2024-12-18,0.13886455963978522,0.7,0.16113544036021488
2024-12-19,0.13886455963978522,0.7,0.16113544036021488
2024-12-20,0.13886455963978522,0.7,0.16113544036021488
2024-12-23,0.13886455963978522,0.7,0.16113544036021488
2024-12-24,0.13886455963978522,0.7,0.16113544036021488
2024-12-26,0.13886455963978522,0.7,0.16113544036021488
2024-12-27,0.13886455963978522,0.7,0.16113544036021488
2024-12-30,0.13886455963978522,0.7,0.16113544036021488
2024-12-31,0.13886455963978522,0.7,0.16113544036021488
2025-01-01,0.13886455963978522,0.7,0.16113544036021488
2025-01-02,0.13886455963978522,0.7,0.16113544036021488
2025-01-03,0.13886455963978522,0.7,0.16113544036021488
2025-01-06,0.13886455963978522,0.7,0.16113544036021488
2025-01-07,0.13886455963978522,0.7,0.16113544036021488
2025-01-08,0.13886455963978522,0.7,0.16113544036021488
2025-01-09,0.13886455963978522,0.7,0.16113544036021488
2025-01-10,0.13886455963978522,0.7,0.16113544036021488
2025-01-13,0.13886455963978522,0.7,0.16113544036021488
2025-01-14,0.13886455963978522,0.7,0.16113544036021488
2025-01-15,0.13886455963978522,0.7,0.16113544036021488
2025-01-16,0.13886455963978522,0.7,0.16113544036021488
2025-01-17,0.13886455963978522,0.7,0.16113544036021488
2025-01-20,0.13886455963978522,0.7,0.16113544036021488
2025-01-21,0.13886455963978522,0.7,0.16113544036021488
2025-01-22,0.13886455963978522,0.7,0.16113544036021488
2025-01-23,0.13886455963978522,0.7,0.16113544036021488
2025-01-24,0.13886455963978522,0.7,0.16113544036021488
2025-01-27,0.13886455963978522,0.7,0.16113544036021488
2025-01-28,0.13886455963978522,0.7,0.16113544036021488
2025-01-29,0.13886455963978522,0.7,0.16113544036021488
2025-01-30,0.13886455963978522,0.7,0.16113544036021488
2025-01-31,0.13886455963978522,0.7,0.16113544036021488
2025-02-01,0.13886455963978522,0.7,0.16113544036021488
2025-02-03,0.13886455963978522,0.7,0.16113544036021488
2025-02-04,0.13886455963978522,0.7,0.16113544036021488
2025-02-05,0.13886455963978522,0.7,0.16113544036021488
2025-02-06,0.13886455963978522,0.7,0.16113544036021488
2025-02-07,0.13886455963978522,0.7,0.16113544036021488
2025-02-10,0.13886455963978522,0.7,0.16113544036021488
2025-02-11,0.13886455963978522,0.7,0.16113544036021488
2025-02-12,0.13886455963978522,0.7,0.16113544036021488
2025-02-13,0.13886455963978522,0.7,0.16113544036021488
2025-02-14,0.13886455963978522,0.7,0.16113544036021488
2025-02-17,0.13886455963978522,0.7,0.16113544036021488
2025-02-18,0.13886455963978522,0.7,0.16113544036021488
2025-02-19,0.13886455963978522,0.7,0.16113544036021488
2025-02-20,0.13886455963978522,0.7,0.16113544036021488
2025-02-21,0.13886455963978522,0.7,0.16113544036021488
2025-02-24,0.13886455963978522,0.7,0.16113544036021488
2025-02-25,0.13886455963978522,0.7,0.16113544036021488
2025-02-27,0.13886455963978522,0.7,0.16113544036021488
2025-02-28,0.13886455963978522,0.7,0.16113544036021488
2025-03-03,0.13886455963978522,0.7,0.16113544036021488
2025-03-04,0.13886455963978522,0.7,0.16113544036021488
2025-03-05,0.13886455963978522,0.7,0.16113544036021488
2025-03-06,0.13886455963978522,0.7,0.16113544036021488
2025-03-07,0.13472474083157626,0.7,0.16527525916842373
2025-03-10,0.13472474083157626,0.7,0.16527525916842373
2025-03-11,0.13472474083157626,0.7,0.16527525916842373
2025-03-12,0.13472474083157626,0.7,0.16527525916842373
2025-03-13,0.13472474083157626,0.7,0.16527525916842373
2025-03-17,0.13472474083157626,0.7,0.16527525916842373
2025-03-18,0.13472474083157626,0.7,0.16527525916842373
2025-03-19,0.13472474083157626,0.7,0.16527525916842373
2025-03-20,0.13472474083157626,0.7,0.16527525916842373
2025-03-21,0.13472474083157626,0.7,0.16527525916842373
2025-03-24,0.14907911984642258,0.7,0.15092088015357746
2025-03-25,0.14907911984642258,0.7,0.15092088015357746
2025-03-26,0.14907911984642258,0.7,0.15092088015357746
2025-03-27,0.14907911984642258,0.7,0.15092088015357746
2025-03-28,0.14907911984642258,0.7,0.15092088015357746
2025-04-01,0.14907911984642258,0.7,0.15092088015357746
2025-04-02,0.14907911984642258,0.7,0.15092088015357746
2025-04-03,0.14907911984642258,0.7,0.15092088015357746
2025-04-04,0.14907911984642258,0.7,0.15092088015357746
2025-04-07,0.14907911984642258,0.7,0.15092088015357746
2025-04-08,0.14907911984642258,0.7,0.15092088015357746
2025-04-09,0.14907911984642258,0.7,0.15092088015357746
2025-04-11,0.15735484072933872,0.7,0.14264515927066138
2025-04-15,0.15735484072933872,0.7,0.14264515927066138
2025-04-16,0.15735484072933872,0.7,0.14264515927066138
2025-04-17,0.15735484072933872,0.7,0.14264515927066138
2025-04-21,0.15735484072933872,0.7,0.14264515927066138
2025-04-22,0.15735484072933872,0.7,0.14264515927066138
2025-04-23,0.15735484072933872,0.7,0.14264515927066138
2025-04-24,0.15735484072933872,0.7,0.14264515927066138
2025-04-25,0.15735484072933872,0.7,0.14264515927066138
2025-04-28,0.15735484072933872,0.7,0.14264515927066138
2025-04-29,0.15735484072933872,0.7,0.14264515927066138
2025-04-30,0.15735484072933872,0.7,0.14264515927066138
2025-05-02,0.15735484072933872,0.7,0.14264515927066138
2025-05-05,0.15735484072933872,0.7,0.14264515927066138
2025-05-06,0.15735484072933872,0.7,0.14264515927066138
2025-05-07,0.15735484072933872,0.7,0.14264515927066138
2025-05-08,0.15735484072933872,0.7,0.14264515927066138
2025-05-09,0.15735484072933872,0.7,0.14264515927066138
2025-05-12,0.15735484072933872,0.7,0.14264515927066138
2025-05-13,0.15735484072933872,0.7,0.14264515927066138
2025-05-14,0.15735484072933872,0.7,0.14264515927066138
2025-05-15,0.15735484072933872,0.7,0.14264515927066138
2025-05-16,0.17181889100458483,0.7,0.12818110899541518
2025-05-19,0.17181889100458483,0.7,0.12818110899541518
2025-05-20,0.17181889100458483,0.7,0.12818110899541518
2025-05-21,0.17181889100458483,0.7,0.12818110899541518
2025-05-22,0.17181889100458483,0.7,0.12818110899541518
2025-05-23,0.17181889100458483,0.7,0.12818110899541518
2025-05-26,0.17181889100458483,0.7,0.12818110899541518
2025-05-27,0.17181889100458483,0.7,0.12818110899541518
2025-05-28,0.17181889100458483,0.7,0.12818110899541518
2025-05-29,0.17181889100458483,0.7,0.12818110899541518
2025-05-30,0.17181889100458483,0.7,0.12818110899541518
2025-06-02,0.17181889100458483,0.7,0.12818110899541518
2025-06-03,0.17181889100458483,0.7,0.12818110899541518
2025-06-04,0.17181889100458483,0.7,0.12818110899541518
2025-06-05,0.17181889100458483,0.7,0.12818110899541518
2025-06-06,0.17181889100458483,0.7,0.12818110899541518
2025-06-09,0.17181889100458483,0.7,0.12818110899541518
2025-06-10,0.05043062955037512,0.6067303352069208,0.3428390352427041
2025-06-11,0.05043062955037512,0.6067303352069208,0.3428390352427041
2025-06-12,0.05043062955037512,0.6067303352069208,0.3428390352427041
2025-06-13,0.05043062955037512,0.6067303352069208,0.3428390352427041
2025-06-16,0.05043062955037512,0.6067303352069208,0.3428390352427041
2025-06-17,0.05043062955037512,0.6067303352069208,0.3428390352427041
2025-06-18,0.05043062955037512,0.6067303352069208,0.3428390352427041
2025-06-19,0.05043062955037512,0.6067303352069208,0.3428390352427041
2025-06-20,0.05043062955037512,0.6067303352069208,0.3428390352427041
2025-06-23,0.05043062955037512,0.6067303352069208,0.3428390352427041
2025-06-24,0.05043062955037512,0.6067303352069208,0.3428390352427041
2025-06-25,0.05043062955037512,0.6067303352069208,0.3428390352427041
2025-06-26,0.05043062955037512,0.6067303352069208,0.3428390352427041
2025-06-27,0.05043062955037512,0.6067303352069208,0.3428390352427041
2025-06-30,0.05043062955037512,0.6067303352069208,0.3428390352427041
2025-07-01,0.05043062955037512,0.6067303352069208,0.3428390352427041
2025-07-02,0.05043062955037512,0.6067303352069208,0.3428390352427041
2025-07-03,0.05043062955037512,0.6067303352069208,0.3428390352427041
2025-07-04,0.05043062955037512,0.6067303352069208,0.3428390352427041
2025-07-07,0.05043062955037512,0.6067303352069208,0.3428390352427041
2025-07-08,0.05043062955037512,0.6067303352069208,0.3428390352427041
2025-07-09,0.05043062955037512,0.6067303352069208,0.3428390352427041
2025-07-10,0.05043062955037512,0.6067303352069208,0.3428390352427041
2025-07-11,0.05043062955037512,0.6067303352069208,0.3428390352427041
2025-07-14,0.05043062955037512,0.6067303352069208,0.3428390352427041
2025-07-15,0.05043062955037512,0.6067303352069208,0.3428390352427041
2025-07-16,0.05043062955037512,0.6067303352069208,0.3428390352427041
2025-07-17,0.05043062955037512,0.6067303352069208,0.3428390352427041
2025-07-18,0.05043062955037512,0.6067303352069208,0.3428390352427041
2025-07-21,0.05043062955037512,0.6067303352069208,0.3428390352427041
2025-07-22,0.05043062955037512,0.6067303352069208,0.3428390352427041
2025-07-23,0.05043062955037512,0.6067303352069208,0.3428390352427041
2025-07-24,0.05043062955037512,0.6067303352069208,0.3428390352427041
2025-07-25,0.05043062955037512,0.6067303352069208,0.3428390352427041
2025-07-28,0.05043062955037512,0.6067303352069208,0.3428390352427041
2025-07-29,0.05043062955037512,0.6067303352069208,0.3428390352427041
2025-07-30,0.05043062955037512,0.6067303352069208,0.3428390352427041
2025-07-31,0.05043062955037512,0.6067303352069208,0.3428390352427041
2025-08-01,0.05043062955037512,0.6067303352069208,0.3428390352427041
2025-08-04,0.05043062955037512,0.6067303352069208,0.3428390352427041
2025-08-05,0.05043062955037512,0.6067303352069208,0.3428390352427041
2025-08-06,0.05043062955037512,0.6067303352069208,0.3428390352427041
2025-08-07,0.05043062955037512,0.6067303352069208,0.3428390352427041
2025-08-08,0.05043062955037512,0.6067303352069208,0.3428390352427041
2025-08-11,0.05043062955037512,0.6067303352069208,0.3428390352427041
2025-08-12,0.05043062955037512,0.6067303352069208,0.3428390352427041
2025-08-13,0.05043062955037512,0.6067303352069208,0.3428390352427041
2025-08-14,0.05043062955037512,0.6067303352069208,0.3428390352427041
2025-08-18,0.05043062955037512,0.6067303352069208,0.3428390352427041
2025-08-19,0.05043062955037512,0.6067303352069208,0.3428390352427041
2025-08-20,0.05043062955037512,0.6067303352069208,0.3428390352427041
2025-08-21,0.05043062955037512,0.6067303352069208,0.3428390352427041
2025-08-22,0.05043062955037512,0.6067303352069208,0.3428390352427041
2025-08-25,0.05043062955037512,0.6067303352069208,0.3428390352427041
2025-08-26,0.18176776027845545,0.7,0.11823223972154466
2025-08-28,0.18176776027845545,0.7,0.11823223972154466
2025-08-29,0.18176776027845545,0.7,0.11823223972154466
2025-09-01,0.18176776027845545,0.7,0.11823223972154466
2025-09-02,0.18176776027845545,0.7,0.11823223972154466
2025-09-03,0.18176776027845545,0.7,0.11823223972154466
2025-09-04,0.41922550091322003,1.0474521060873529e-19,0.5807744990867799
2025-09-05,0.41922550091322003,1.0474521060873529e-19,0.5807744990867799
2025-09-08,0.41922550091322003,1.0474521060873529e-19,0.5807744990867799
2025-09-09,0.41922550091322003,1.0474521060873529e-19,0.5807744990867799
2025-09-10,0.41922550091322003,1.0474521060873529e-19,0.5807744990867799
2025-09-11,0.41922550091322003,1.0474521060873529e-19,0.5807744990867799
2025-09-12,0.41922550091322003,1.0474521060873529e-19,0.5807744990867799
2025-09-15,0.41922550091322003,1.0474521060873529e-19,0.5807744990867799
2025-09-16,0.41922550091322003,1.0474521060873529e-19,0.5807744990867799
2025-09-17,0.41922550091322003,1.0474521060873529e-19,0.5807744990867799
2025-09-18,0.41922550091322003,1.0474521060873529e-19,0.5807744990867799
2025-09-19,0.41922550091322003,1.0474521060873529e-19,0.5807744990867799
2025-09-22,0.41922550091322003,1.0474521060873529e-19,0.5807744990867799
2025-09-23,0.41922550091322003,1.0474521060873529e-19,0.5807744990867799
2025-09-24,0.41922550091322003,1.0474521060873529e-19,0.5807744990867799
2025-09-25,0.41922550091322003,1.0474521060873529e-19,0.5807744990867799
2025-09-26,0.41922550091322003,1.0474521060873529e-19,0.5807744990867799
2025-09-29,0.41922550091322003,1.0474521060873529e-19,0.5807744990867799
2025-09-30,0.41922550091322003,1.0474521060873529e-19,0.5807744990867799
2025-10-01,0.41922550091322003,1.0474521060873529e-19,0.5807744990867799
2025-10-03,0.41922550091322003,1.0474521060873529e-19,0.5807744990867799
2025-10-06,0.41922550091322003,1.0474521060873529e-19,0.5807744990867799
2025-10-07,0.41922550091322003,1.0474521060873529e-19,0.5807744990867799
2025-10-08,0.41922550091322003,1.0474521060873529e-19,0.5807744990867799
2025-10-09,0.41922550091322003,1.0474521060873529e-19,0.5807744990867799
2025-10-10,0.41922550091322003,1.0474521060873529e-19,0.5807744990867799
2025-10-13,0.41922550091322003,1.0474521060873529e-19,0.5807744990867799
2025-10-14,0.41922550091322003,1.0474521060873529e-19,0.5807744990867799
2025-10-15,0.41922550091322003,1.0474521060873529e-19,0.5807744990867799
2025-10-16,0.41922550091322003,1.0474521060873529e-19,0.5807744990867799
2025-10-17,0.41922550091322003,1.0474521060873529e-19,0.5807744990867799
2025-10-20,0.41922550091322003,1.0474521060873529e-19,0.5807744990867799
2025-10-21,0.41922550091322003,1.0474521060873529e-19,0.5807744990867799
2025-10-23,0.41922550091322003,1.0474521060873529e-19,0.5807744990867799
2025-10-27,0.41922550091322003,1.0474521060873529e-19,0.5807744990867799
2025-10-28,0.41922550091322003,1.0474521060873529e-19,0.5807744990867799
2025-10-29,0.41922550091322003,1.0474521060873529e-19,0.5807744990867799
2025-10-30,0.41922550091322003,1.0474521060873529e-19,0.5807744990867799
2025-10-31,0.41922550091322003,1.0474521060873529e-19,0.5807744990867799
2025-11-03,0.41922550091322003,1.0474521060873529e-19,0.5807744990867799
2025-11-04,0.41922550091322003,1.0474521060873529e-19,0.5807744990867799
2025-11-06,0.41922550091322003,1.0474521060873529e-19,0.5807744990867799
2025-11-07,0.41922550091322003,1.0474521060873529e-19,0.5807744990867799
2025-11-10,0.41922550091322003,1.0474521060873529e-19,0.5807744990867799
2025-11-11,0.41922550091322003,1.0474521060873529e-19,0.5807744990867799
2025-11-12,0.41922550091322003,1.0474521060873529e-19,0.5807744990867799
2025-11-13,0.41922550091322003,1.0474521060873529e-19,0.5807744990867799
2025-11-14,0.41922550091322003,1.0474521060873529e-19,0.5807744990867799
2025-11-17,0.41922550091322003,1.0474521060873529e-19,0.5807744990867799
2025-11-18,0.41922550091322003,1.0474521060873529e-19,0.5807744990867799
2025-11-19,0.41922550091322003,1.0474521060873529e-19,0.5807744990867799
2025-11-20,0.41922550091322003,1.0474521060873529e-19,0.5807744990867799
2025-11-21,0.41922550091322003,1.0474521060873529e-19,0.5807744990867799
2025-11-24,0.41922550091322003,1.0474521060873529e-19,0.5807744990867799
2025-11-25,0.41922550091322003,1.0474521060873529e-19,0.5807744990867799
2025-11-26,0.41922550091322003,1.0474521060873529e-19,0.5807744990867799
2025-11-27,0.41922550091322003,1.0474521060873529e-19,0.5807744990867799
2025-11-28,0.24612129603416072,0.7,0.05387870396583933
2025-12-01,0.24612129603416072,0.7,0.05387870396583933
2025-12-02,0.24612129603416072,0.7,0.05387870396583933
2025-12-03,0.24612129603416072,0.7,0.05387870396583933
2025-12-04,0.24612129603416072,0.7,0.05387870396583933
2025-12-05,0.24612129603416072,0.7,0.05387870396583933
2025-12-08,0.38245192827826424,3.357845229103898e-18,0.6175480717217358
2025-12-09,0.38245192827826424,3.357845229103898e-18,0.6175480717217358
2025-12-10,0.38245192827826424,3.357845229103898e-18,0.6175480717217358
2025-12-11,0.38245192827826424,3.357845229103898e-18,0.6175480717217358
2025-12-12,0.38245192827826424,3.357845229103898e-18,0.6175480717217358
2025-12-15,0.38245192827826424,3.357845229103898e-18,0.6175480717217358
2025-12-16,0.38245192827826424,3.357845229103898e-18,0.6175480717217358
2025-12-17,0.38245192827826424,3.357845229103898e-18,0.6175480717217358
2025-12-18,0.38245192827826424,3.357845229103898e-18,0.6175480717217358
2025-12-19,0.38245192827826424,3.357845229103898e-18,0.6175480717217358
2025-12-22,0.38245192827826424,3.357845229103898e-18,0.6175480717217358
2025-12-23,0.38245192827826424,3.357845229103898e-18,0.6175480717217358
2025-12-24,0.38245192827826424,3.357845229103898e-18,0.6175480717217358
2025-12-26,0.38245192827826424,3.357845229103898e-18,0.6175480717217358
2025-12-29,0.38245192827826424,3.357845229103898e-18,0.6175480717217358
2025-12-30,0.38245192827826424,3.357845229103898e-18,0.6175480717217358
2025-12-31,0.38245192827826424,3.357845229103898e-18,0.6175480717217358
2026-01-01,0.38245192827826424,3.357845229103898e-18,0.6175480717217358
2026-01-02,0.38245192827826424,3.357845229103898e-18,0.6175480717217358
2026-01-05,0.38245192827826424,3.357845229103898e-18,0.6175480717217358
2026-01-06,0.38245192827826424,3.357845229103898e-18,0.6175480717217358
2026-01-07,0.38245192827826424,3.357845229103898e-18,0.6175480717217358
2026-01-08,0.38245192827826424,3.357845229103898e-18,0.6175480717217358
2026-01-09,0.38245192827826424,3.357845229103898e-18,0.6175480717217358
2026-01-12,0.38245192827826424,3.357845229103898e-18,0.6175480717217358
2026-01-13,0.38245192827826424,3.357845229103898e-18,0.6175480717217358
2026-01-14,0.38245192827826424,3.357845229103898e-18,0.6175480717217358
2026-01-16,0.38245192827826424,3.357845229103898e-18,0.6175480717217358
2026-01-19,0.38245192827826424,3.357845229103898e-18,0.6175480717217358
2026-01-20,0.38245192827826424,3.357845229103898e-18,0.6175480717217358
2026-01-21,0.38245192827826424,3.357845229103898e-18,0.6175480717217358
2026-01-22,0.38245192827826424,3.357845229103898e-18,0.6175480717217358
2026-01-23,0.38245192827826424,3.357845229103898e-18,0.6175480717217358
2026-01-27,0.38245192827826424,3.357845229103898e-18,0.6175480717217358
2026-01-28,0.38245192827826424,3.357845229103898e-18,0.6175480717217358
2026-01-29,0.38245192827826424,3.357845229103898e-18,0.6175480717217358
2026-01-30,0.38245192827826424,3.357845229103898e-18,0.6175480717217358
2026-02-02,0.38245192827826424,3.357845229103898e-18,0.6175480717217358
2026-02-03,0.2893717350965767,0.7,0.010628264903423347
2026-02-04,0.2893717350965767,0.7,0.010628264903423347
2026-02-05,0.2893717350965767,0.7,0.010628264903423347
2026-02-06,0.2893717350965767,0.7,0.010628264903423347
2026-02-09,0.2893717350965767,0.7,0.010628264903423347
2026-02-10,0.2893717350965767,0.7,0.010628264903423347
2026-02-11,0.2893717350965767,0.7,0.010628264903423347
2026-02-12,0.2893717350965767,0.7,0.010628264903423347
2026-02-13,0.2893717350965767,0.7,0.010628264903423347
2026-02-16,0.2893717350965767,0.7,0.010628264903423347
2026-02-17,0.2893717350965767,0.7,0.010628264903423347
2026-02-18,0.2893717350965767,0.7,0.010628264903423347
2026-02-19,0.2893717350965767,0.7,0.010628264903423347
2026-02-20,0.2893717350965767,0.7,0.010628264903423347
2026-02-23,0.2893717350965767,0.7,0.010628264903423347
2026-02-24,0.2893717350965767,0.7,0.010628264903423347
2026-02-25,0.2893717350965767,0.7,0.010628264903423347
2026-02-26,0.2893717350965767,0.7,0.010628264903423347
2026-02-27,0.2893717350965767,0.7,0.010628264903423347
2026-03-02,0.2893717350965767,0.7,0.010628264903423347
2026-03-04,0.2893717350965767,0.7,0.010628264903423347
2026-03-05,0.2893717350965767,0.7,0.010628264903423347
2026-03-06,0.2893717350965767,0.7,0.010628264903423347
2026-03-09,0.2893717350965767,0.7,0.010628264903423347
2026-03-10,0.2893717350965767,0.7,0.010628264903423347
2026-03-11,0.2893717350965767,0.7,0.010628264903423347
2026-03-12,0.2893717350965767,0.7,0.010628264903423347
2026-03-13,0.2886522699254016,0.7,0.011347730074598439
2026-03-16,0.2886522699254016,0.7,0.011347730074598439
2026-03-17,0.2886522699254016,0.7,0.011347730074598439
2026-03-18,0.2886522699254016,0.7,0.011347730074598439
2026-03-19,0.2886522699254016,0.7,0.011347730074598439
2026-03-20,0.2886522699254016,0.7,0.011347730074598439
2026-03-23,0.2886522699254016,0.7,0.011347730074598439
2026-03-24,0.2886522699254016,0.7,0.011347730074598439
2026-03-25,0.2886522699254016,0.7,0.011347730074598439
2026-03-27,0.2886522699254016,0.7,0.011347730074598439
2026-03-30,0.2886522699254016,0.7,0.011347730074598439
2026-04-01,0.2886522699254016,0.7,0.011347730074598439
2026-04-02,0.2886522699254016,0.7,0.011347730074598439
2026-04-06,0.2886522699254016,0.7,0.011347730074598439
2026-04-07,0.2886522699254016,0.7,0.011347730074598439
2026-04-08,0.2886522699254016,0.7,0.011347730074598439
2026-04-09,0.2886522699254016,0.7,0.011347730074598439
2026-04-10,0.2886522699254016,0.7,0.011347730074598439
2026-04-13,0.2886522699254016,0.7,0.011347730074598439
2026-04-15,0.2886522699254016,0.7,0.011347730074598439
2026-04-16,0.2886522699254016,0.7,0.011347730074598439
2026-04-17,0.2886522699254016,0.7,0.011347730074598439
2026-04-20,0.2886522699254016,0.7,0.011347730074598439
2026-04-21,0.2886522699254016,0.7,0.011347730074598439
2026-04-22,0.2886522699254016,0.7,0.011347730074598439
2026-04-23,0.2886522699254016,0.7,0.011347730074598439
2026-04-24,0.2886522699254016,0.7,0.011347730074598439
2026-04-27,0.2886522699254016,0.7,0.011347730074598439
2026-04-28,0.2886522699254016,0.7,0.011347730074598439
2026-04-29,0.2886522699254016,0.7,0.011347730074598439
2026-04-30,0.2886522699254016,0.7,0.011347730074598439
2026-05-04,0.16562609130500736,0.7,0.1343739086949927
2026-05-05,0.16562609130500736,0.7,0.1343739086949927
2026-05-06,0.16562609130500736,0.7,0.1343739086949927
2026-05-07,0.16562609130500736,0.7,0.1343739086949927
2026-05-08,0.16562609130500736,0.7,0.1343739086949927
2026-05-11,0.16562609130500736,0.7,0.1343739086949927
2026-05-12,0.16562609130500736,0.7,0.1343739086949927
2026-05-13,0.16562609130500736,0.7,0.1343739086949927
2026-05-14,0.16562609130500736,0.7,0.1343739086949927
2026-05-15,0.16562609130500736,0.7,0.1343739086949927
2026-05-18,0.16562609130500736,0.7,0.1343739086949927
2026-05-19,0.16562609130500736,0.7,0.1343739086949927
2026-05-20,0.16562609130500736,0.7,0.1343739086949927
2026-05-21,0.16562609130500736,0.7,0.1343739086949927
2026-05-22,0.16562609130500736,0.7,0.1343739086949927
2026-05-25,0.16562609130500736,0.7,0.1343739086949927
2026-05-26,0.16562609130500736,0.7,0.1343739086949927
2026-05-27,0.16562609130500736,0.7,0.1343739086949927
2026-05-29,0.16562609130500736,0.7,0.1343739086949927
2026-06-01,0.16562609130500736,0.7,0.1343739086949927
2026-06-02,0.16562609130500736,0.7,0.1343739086949927
2026-06-03,0.16562609130500736,0.7,0.1343739086949927
2026-06-04,0.16562609130500736,0.7,0.1343739086949927
2026-06-05,0.16562609130500736,0.7,0.1343739086949927
2026-06-08,0.16562609130500736,0.7,0.1343739086949927
2026-06-09,0.16562609130500736,0.7,0.1343739086949927
2026-06-10,0.16562609130500736,0.7,0.1343739086949927
2026-06-11,0.16562609130500736,0.7,0.1343739086949927
2026-06-12,0.16562609130500736,0.7,0.1343739086949927
2026-06-15,0.16562609130500736,0.7,0.1343739086949927
2026-06-16,0.16562609130500736,0.7,0.1343739086949927
2026-06-17,0.16562609130500736,0.7,0.1343739086949927
2026-06-18,0.16562609130500736,0.7,0.1343739086949927
2026-06-19,0.16562609130500736,0.7,0.1343739086949927
2026-06-22,0.16562609130500736,0.7,0.1343739086949927
2026-06-23,0.16562609130500736,0.7,0.1343739086949927
2026-06-24,0.16562609130500736,0.7,0.1343739086949927
2026-06-25,0.16562609130500736,0.7,0.1343739086949927
2026-06-29,0.16562609130500736,0.7,0.1343739086949927
2026-06-30,0.11527781816024729,0.7,0.18472218183975275
2026-07-01,0.11527781816024729,0.7,0.18472218183975275
2026-07-02,0.11527781816024729,0.7,0.18472218183975275
2026-07-03,0.11527781816024729,0.7,0.18472218183975275
2026-07-06,0.11527781816024729,0.7,0.18472218183975275
2026-07-07,0.11527781816024729,0.7,0.18472218183975275
2026-07-08,0.08402075510948429,0.7,0.21597924489051576
2026-07-09,0.08402075510948429,0.7,0.21597924489051576
2026-07-10,0.08402075510948429,0.7,0.21597924489051576
2026-07-13,0.08402075510948429,0.7,0.21597924489051576
2026-07-14,0.08402075510948429,0.7,0.21597924489051576
2026-07-15,0.08402075510948429,0.7,0.21597924489051576
2026-07-16,0.08402075510948429,0.7,0.21597924489051576
2026-07-17,0.08402075510948429,0.7,0.21597924489051576
2026-07-20,0.08402075510948429,0.7,0.21597924489051576
2026-07-21,0.08402075510948429,0.7,0.21597924489051576
2026-07-22,0.08402075510948429,0.7,0.21597924489051576
2026-07-23,0.08402075510948429,0.7,0.21597924489051576
2026-07-24,0.08402075510948429,0.7,0.21597924489051576
2026-07-27,0.08402075510948429,0.7,0.21597924489051576
